symbol,date,price,volume
AMZN,04/29/25,187.39,41667300.0
AMZN,04/28/25,187.7,33224700.0
AMZN,04/25/25,188.99,36414300.0
AMZN,04/24/25,186.54,43763200.0
AMZN,04/23/25,180.6,63470100.0
AMZN,04/22/25,173.18,56607200.0
AMZN,04/21/25,167.32,48126100.0
AMZN,04/17/25,172.61,44468400.0
AMZN,04/16/25,174.33,51875300.0
AMZN,04/15/25,179.59,43642000.0
AMZN,04/14/25,182.12,48002500.0
AMZN,04/11/25,184.87,50594300.0
AMZN,04/10/25,181.22,68302000.0
AMZN,04/09/25,191.1,116804300.0
AMZN,04/08/25,170.66,87710400.0
AMZN,04/07/25,175.26,109327100.0
AMZN,04/04/25,171.0,123159400.0
AMZN,04/03/25,178.41,95553600.0
AMZN,04/02/25,196.01,53679200.0
AMZN,04/01/25,192.17,41267300.0
AMZN,03/31/25,190.26,63547600.0
AMZN,03/28/25,192.72,52548200.0
AMZN,03/27/25,201.36,27317700.0
AMZN,03/26/25,201.13,32855300.0
AMZN,03/25/25,205.71,31171200.0
AMZN,03/24/25,203.26,41625400.0
AMZN,03/21/25,196.21,60056900.0
AMZN,03/20/25,194.95,38921100.0
AMZN,03/19/25,195.54,39442900.0
AMZN,03/18/25,192.82,40414900.0
AMZN,03/17/25,195.74,47341800.0
AMZN,03/14/25,197.95,38096700.0
AMZN,03/13/25,193.89,41270800.0
AMZN,03/12/25,198.89,43679300.0
AMZN,03/11/25,196.59,54002900.0
AMZN,03/10/25,194.54,62350900.0
AMZN,03/07/25,199.25,59802800.0
AMZN,03/06/25,200.7,49863800.0
AMZN,03/05/25,208.36,38610100.0
AMZN,03/04/25,203.8,60853100.0
AMZN,03/03/25,205.02,42948400.0
AMZN,02/28/25,212.28,51771700.0
AMZN,02/27/25,208.74,40548600.0
AMZN,02/26/25,214.35,39120600.0
AMZN,02/25/25,212.8,58958000.0
AMZN,02/24/25,212.71,42387600.0
AMZN,02/21/25,216.58,55323900.0
AMZN,02/20/25,222.88,30001700.0
AMZN,02/19/25,226.63,28566700.0
AMZN,02/18/25,226.65,42975100.0
AMZN,02/14/25,228.68,27031100.0
AMZN,02/13/25,230.37,31346500.0
AMZN,02/12/25,228.93,32285200.0
AMZN,02/11/25,232.76,23713700.0
AMZN,02/10/25,233.14,35419900.0
AMZN,02/07/25,229.15,77539300.0
AMZN,02/06/25,238.83,60897100.0
AMZN,02/05/25,236.17,38727300.0
AMZN,02/04/25,242.06,29713800.0
AMZN,02/03/25,237.42,37285900.0
AMZN,01/31/25,237.68,36162400.0
AMZN,01/30/25,234.64,32020700.0
AMZN,01/29/25,237.07,26091700.0
AMZN,01/28/25,238.15,41587200.0
AMZN,01/27/25,235.42,49428300.0
AMZN,01/24/25,234.85,25890700.0
AMZN,01/23/25,235.42,26404400.0
AMZN,01/22/25,235.01,41448200.0
AMZN,01/21/25,230.71,39951500.0
AMZN,01/17/25,225.94,42370100.0
AMZN,01/16/25,220.66,24757300.0
AMZN,01/15/25,223.35,31291300.0
AMZN,01/14/25,217.76,24711700.0
AMZN,01/13/25,218.46,27262700.0
AMZN,01/10/25,218.94,36811500.0
AMZN,01/08/25,222.13,25033300.0
AMZN,01/07/25,222.11,28084200.0
AMZN,01/06/25,227.61,31849800.0
AMZN,01/03/25,224.19,27515600.0
AMZN,01/02/25,220.22,33956600.0
AMZN,12/31/24,219.39,24819700.0
AMZN,12/30/24,221.3,28321200.0
AMZN,12/27/24,223.75,27367100.0
AMZN,12/26/24,227.05,16146700.0
AMZN,12/24/24,229.05,15007500.0
AMZN,12/23/24,225.06,28070000.0
AMZN,12/20/24,224.92,88279200.0
AMZN,12/19/24,223.29,39918700.0
AMZN,12/18/24,220.52,43281400.0
AMZN,12/17/24,231.15,35948100.0
AMZN,12/16/24,232.93,37552100.0
AMZN,12/13/24,227.46,28768100.0
AMZN,12/12/24,228.97,28204100.0
AMZN,12/11/24,230.26,35385800.0
AMZN,12/10/24,225.04,31199900.0
AMZN,12/09/24,226.09,46819400.0
AMZN,12/06/24,227.03,44178100.0
AMZN,12/05/24,220.55,41140200.0
AMZN,12/04/24,218.16,48745700.0
AMZN,12/03/24,213.44,32214800.0
AMZN,12/02/24,210.71,39523200.0
AMZN,11/29/24,207.89,24892400.0
AMZN,11/27/24,205.74,28061600.0
AMZN,11/26/24,207.86,41673700.0
AMZN,11/25/24,201.45,40685700.0
AMZN,11/22/24,197.12,31530800.0
AMZN,11/21/24,198.38,58800000.0
AMZN,11/20/24,202.88,32769000.0
AMZN,11/19/24,204.61,31197900.0
AMZN,11/18/24,201.7,36512500.0
AMZN,11/15/24,202.61,86591100.0
AMZN,11/14/24,211.48,42620300.0
AMZN,11/13/24,214.1,46212900.0
AMZN,11/12/24,208.91,38942900.0
AMZN,11/11/24,206.84,35456000.0
AMZN,11/08/24,208.18,36075800.0
AMZN,11/07/24,210.05,52878400.0
AMZN,11/06/24,207.09,72292200.0
AMZN,11/05/24,199.5,30564800.0
AMZN,11/04/24,195.78,38492100.0
AMZN,11/01/24,197.93,99687800.0
AMZN,10/31/24,186.4,75146800.0
AMZN,10/30/24,192.73,37707600.0
AMZN,10/29/24,190.83,35690200.0
AMZN,10/28/24,188.39,27930800.0
AMZN,10/25/24,187.83,29362100.0
AMZN,10/24/24,186.38,21647400.0
AMZN,10/23/24,184.71,31937100.0
AMZN,10/22/24,189.7,29650600.0
AMZN,10/21/24,189.07,24639400.0
AMZN,10/18/24,188.99,37417700.0
AMZN,10/17/24,187.53,25039400.0
AMZN,10/16/24,186.89,23456800.0
AMZN,10/15/24,187.69,32178900.0
AMZN,10/14/24,187.54,22614400.0
AMZN,10/11/24,188.82,25751600.0
AMZN,10/10/24,186.65,27785000.0
AMZN,10/09/24,185.17,26343100.0
AMZN,10/08/24,182.72,26372100.0
AMZN,10/07/24,180.8,42364200.0
AMZN,10/04/24,186.51,40890300.0
AMZN,10/03/24,181.96,30204300.0
AMZN,10/02/24,184.76,23704100.0
AMZN,10/01/24,185.13,36044900.0
AMZN,09/30/24,186.33,41583900.0
AMZN,09/27/24,187.97,36002300.0
AMZN,09/26/24,191.16,36334900.0
AMZN,09/25/24,192.53,26391100.0
AMZN,09/24/24,193.96,43478900.0
AMZN,09/23/24,193.88,36993100.0
AMZN,09/20/24,191.6,100378600.0
AMZN,09/19/24,189.87,39543200.0
AMZN,09/18/24,186.43,34448100.0
AMZN,09/17/24,186.88,26091700.0
AMZN,09/16/24,184.89,26065500.0
AMZN,09/13/24,186.49,26495400.0
AMZN,09/12/24,187.0,33622500.0
AMZN,09/11/24,184.52,42564700.0
AMZN,09/10/24,179.55,36233800.0
AMZN,09/09/24,175.4,29037400.0
AMZN,09/06/24,171.39,41466500.0
AMZN,09/05/24,177.89,40170500.0
AMZN,09/04/24,173.33,30309200.0
AMZN,09/03/24,176.25,37817500.0
AMZN,08/30/24,178.5,43429400.0
AMZN,08/29/24,172.12,26407800.0
AMZN,08/28/24,170.8,29045000.0
AMZN,08/27/24,173.12,29842000.0
AMZN,08/26/24,175.5,22366200.0
AMZN,08/23/24,177.04,29150100.0
AMZN,08/22/24,176.13,32047500.0
AMZN,08/21/24,180.11,35599100.0
AMZN,08/20/24,178.88,26255200.0
AMZN,08/19/24,178.22,31129800.0
AMZN,08/16/24,177.06,31489200.0
AMZN,08/15/24,177.59,51698500.0
AMZN,08/14/24,170.1,28843800.0
AMZN,08/13/24,170.23,39237900.0
AMZN,08/12/24,166.8,30072800.0
AMZN,08/09/24,166.94,36401000.0
AMZN,08/08/24,165.8,44616200.0
AMZN,08/07/24,162.77,48408200.0
AMZN,08/06/24,161.93,59950800.0
AMZN,08/05/24,161.02,83149400.0
AMZN,08/02/24,167.9,141448400.0
AMZN,08/01/24,184.07,70435600.0
AMZN,07/31/24,186.98,41667300.0
AMZN,07/30/24,181.71,39508600.0
AMZN,07/29/24,183.2,33270100.0
AMZN,07/26/24,182.5,29506000.0
AMZN,07/25/24,179.85,44464200.0
AMZN,07/24/24,180.83,41532400.0
AMZN,07/23/24,186.41,47537700.0
AMZN,07/22/24,182.55,39931900.0
AMZN,07/19/24,183.13,43081800.0
AMZN,07/18/24,183.75,51043600.0
AMZN,07/17/24,187.93,48076100.0
AMZN,07/16/24,193.02,33994700.0
AMZN,07/15/24,192.72,40683200.0
AMZN,07/12/24,194.49,30598500.0
AMZN,07/11/24,195.05,44565000.0
AMZN,07/10/24,199.79,32883800.0
AMZN,07/09/24,199.34,32700100.0
AMZN,07/08/24,199.29,34767300.0
AMZN,07/05/24,200.0,39858900.0
AMZN,07/03/24,197.59,31597900.0
AMZN,07/02/24,200.0,45600000.0
AMZN,07/01/24,197.2,41192000.0
AMZN,06/28/24,193.25,76930200.0
AMZN,06/27/24,197.85,74397500.0
AMZN,06/26/24,193.61,65103900.0
AMZN,06/25/24,186.34,45898500.0
AMZN,06/24/24,185.57,50610400.0
AMZN,06/21/24,189.08,72931800.0
AMZN,06/20/24,186.1,44726800.0
AMZN,06/18/24,182.81,36659200.0
AMZN,06/17/24,184.06,35601900.0
AMZN,06/14/24,183.66,25456400.0
AMZN,06/13/24,183.83,39721500.0
AMZN,06/12/24,186.89,33984200.0
AMZN,06/11/24,187.23,27265100.0
AMZN,06/10/24,187.06,34494500.0
AMZN,06/07/24,184.3,28021500.0
AMZN,06/06/24,185.0,31371200.0
AMZN,06/05/24,181.28,32116400.0
AMZN,06/04/24,179.34,27198400.0
AMZN,06/03/24,178.34,30786600.0
AMZN,05/31/24,176.44,58903900.0
AMZN,05/30/24,179.32,29249200.0
AMZN,05/29/24,182.02,32009300.0
AMZN,05/28/24,182.15,29927000.0
AMZN,05/24/24,180.75,27434100.0
AMZN,05/23/24,181.05,33670200.0
AMZN,05/22/24,183.13,28148800.0
AMZN,05/21/24,183.15,50839100.0
AMZN,05/20/24,183.54,30511800.0
AMZN,05/17/24,184.7,33175700.0
AMZN,05/16/24,183.63,38834500.0
AMZN,05/15/24,185.99,75459900.0
AMZN,05/14/24,187.07,38698200.0
AMZN,05/13/24,186.57,24898600.0
AMZN,05/10/24,187.48,34141800.0
AMZN,05/09/24,189.5,43368400.0
AMZN,05/08/24,188.0,26136400.0
AMZN,05/07/24,188.76,34048900.0
AMZN,05/06/24,188.7,34725300.0
AMZN,05/03/24,186.21,39172000.0
AMZN,05/02/24,184.72,54303500.0
AMZN,05/01/24,179.0,94645100.0
AMZN,04/30/24,175.0,94639800.0
AMZN,04/29/24,180.96,54063900.0
AMZN,04/26/24,179.62,43919800.0
AMZN,04/25/24,173.67,49249400.0
AMZN,04/24/24,176.59,34185100.0
AMZN,04/23/24,179.54,37046500.0
AMZN,04/22/24,177.23,37924900.0
AMZN,04/19/24,174.63,55950000.0
AMZN,04/18/24,179.22,30723800.0
AMZN,04/17/24,181.28,31359700.0
AMZN,04/16/24,183.32,32891300.0
AMZN,04/15/24,183.62,48052400.0
AMZN,04/12/24,186.13,38554300.0
AMZN,04/11/24,189.05,40020700.0
AMZN,04/10/24,185.95,35879200.0
AMZN,04/09/24,185.67,36546900.0
AMZN,04/08/24,185.19,39221300.0
AMZN,04/05/24,185.07,42335200.0
AMZN,04/04/24,180.0,41624300.0
AMZN,04/03/24,182.41,31046600.0
AMZN,04/02/24,180.69,32611500.0
AMZN,04/01/24,180.97,29174500.0
AMZN,03/28/24,180.38,38051600.0
AMZN,03/27/24,179.83,33272600.0
AMZN,03/26/24,178.3,29659000.0
AMZN,03/25/24,179.71,29815500.0
AMZN,03/22/24,178.87,27964100.0
AMZN,03/21/24,178.15,32824300.0
AMZN,03/20/24,178.15,29947200.0
AMZN,03/19/24,175.9,26880900.0
AMZN,03/18/24,174.48,31250700.0
AMZN,03/15/24,174.42,72115500.0
AMZN,03/14/24,178.75,43705800.0
AMZN,03/13/24,176.56,30772600.0
AMZN,03/12/24,175.39,36610600.0
AMZN,03/11/24,171.96,28484800.0
AMZN,03/08/24,175.35,37853500.0
AMZN,03/07/24,176.82,34063300.0
AMZN,03/06/24,173.51,32090900.0
AMZN,03/05/24,174.12,37228300.0
AMZN,03/04/24,177.58,37381500.0
AMZN,03/01/24,178.22,31956200.0
AMZN,02/29/24,176.76,53805400.0
AMZN,02/28/24,173.16,28180500.0
AMZN,02/27/24,173.54,31141700.0
AMZN,02/26/24,174.73,44368600.0
AMZN,02/23/24,174.99,59715200.0
AMZN,02/22/24,174.58,55392400.0
AMZN,02/21/24,168.59,44575600.0
AMZN,02/20/24,167.08,41980300.0
AMZN,02/16/24,169.51,48074600.0
AMZN,02/15/24,169.8,49855200.0
AMZN,02/14/24,170.98,42815500.0
AMZN,02/13/24,168.64,56345100.0
AMZN,02/12/24,172.34,51050400.0
AMZN,02/09/24,174.45,56986000.0
AMZN,02/08/24,169.84,42316500.0
AMZN,02/07/24,170.53,47174100.0
AMZN,02/06/24,169.15,42505500.0
AMZN,02/05/24,170.31,55081300.0
AMZN,02/02/24,171.81,117154900.0
AMZN,02/01/24,159.28,76542400.0
AMZN,01/31/24,155.2,50284400.0
AMZN,01/30/24,159.0,45207400.0
AMZN,01/29/24,161.26,45270400.0
AMZN,01/26/24,159.12,51047400.0
AMZN,01/25/24,157.75,43638600.0
AMZN,01/24/24,156.87,48547300.0
AMZN,01/23/24,156.02,37986000.0
AMZN,01/22/24,154.78,43687500.0
AMZN,01/19/24,155.34,51033700.0
AMZN,01/18/24,153.5,37850200.0
AMZN,01/17/24,151.71,34953400.0
AMZN,01/16/24,153.16,41384600.0
AMZN,01/12/24,154.62,40460300.0
AMZN,01/11/24,155.18,49072700.0
AMZN,01/10/24,153.73,44421800.0
AMZN,01/09/24,151.37,43812600.0
AMZN,01/08/24,149.1,46757100.0
AMZN,01/05/24,145.24,45124800.0
AMZN,01/04/24,144.57,56039800.0
AMZN,01/03/24,148.47,49425500.0
AMZN,01/02/24,149.93,47339400.0
AAPL,04/29/25,211.21,36827600.0
AAPL,04/28/25,210.14,38743100.0
AAPL,04/25/25,209.28,38222300.0
AAPL,04/24/25,208.37,47311000.0
AAPL,04/23/25,204.6,52929200.0
AAPL,04/22/25,199.74,52976400.0
AAPL,04/21/25,193.16,46742500.0
AAPL,04/17/25,196.98,51334300.0
AAPL,04/16/25,194.27,59732400.0
AAPL,04/15/25,202.14,51343900.0
AAPL,04/14/25,202.52,101352900.0
AAPL,04/11/25,198.15,87435900.0
AAPL,04/10/25,190.42,121880000.0
AAPL,04/09/25,198.85,184395900.0
AAPL,04/08/25,172.42,120859500.0
AAPL,04/07/25,181.46,160466300.0
AAPL,04/04/25,188.38,125910900.0
AAPL,04/03/25,203.19,103419000.0
AAPL,04/02/25,223.89,35905900.0
AAPL,04/01/25,223.19,36412700.0
AAPL,03/31/25,222.13,65299300.0
AAPL,03/28/25,217.9,39818600.0
AAPL,03/27/25,223.85,37094800.0
AAPL,03/26/25,221.53,34466100.0
AAPL,03/25/25,223.75,34493600.0
AAPL,03/24/25,220.73,44299500.0
AAPL,03/21/25,218.27,94127800.0
AAPL,03/20/25,214.1,48862900.0
AAPL,03/19/25,215.24,54385400.0
AAPL,03/18/25,212.69,42432400.0
AAPL,03/17/25,214.0,48073400.0
AAPL,03/14/25,213.49,60107600.0
AAPL,03/13/25,209.68,61368300.0
AAPL,03/12/25,216.98,62547500.0
AAPL,03/11/25,220.84,76137400.0
AAPL,03/10/25,227.48,72071200.0
AAPL,03/07/25,239.07,46273600.0
AAPL,03/06/25,235.33,45170400.0
AAPL,03/05/25,235.74,47227600.0
AAPL,03/04/25,235.93,53798100.0
AAPL,03/03/25,238.03,47184000.0
AAPL,02/28/25,241.84,56833400.0
AAPL,02/27/25,237.3,41153600.0
AAPL,02/26/25,240.36,44433600.0
AAPL,02/25/25,247.04,48013300.0
AAPL,02/24/25,247.1,51326400.0
AAPL,02/21/25,245.55,53197400.0
AAPL,02/20/25,245.83,32316900.0
AAPL,02/19/25,244.87,32204200.0
AAPL,02/18/25,244.47,48822500.0
AAPL,02/14/25,244.6,40896200.0
AAPL,02/13/25,241.53,53614100.0
AAPL,02/12/25,236.87,45243300.0
AAPL,02/11/25,232.62,53718400.0
AAPL,02/10/25,227.65,33115600.0
AAPL,02/07/25,227.38,39707200.0
AAPL,02/06/25,232.96,29925300.0
AAPL,02/05/25,232.21,39620300.0
AAPL,02/04/25,232.54,45067300.0
AAPL,02/03/25,227.76,73063300.0
AAPL,01/31/25,235.74,101075100.0
AAPL,01/30/25,237.33,55658300.0
AAPL,01/29/25,239.1,45486100.0
AAPL,01/28/25,238.0,75707600.0
AAPL,01/27/25,229.61,94863400.0
AAPL,01/24/25,222.54,54697900.0
AAPL,01/23/25,223.41,60234800.0
AAPL,01/22/25,223.58,64126500.0
AAPL,01/21/25,222.4,98070400.0
AAPL,01/17/25,229.73,68488300.0
AAPL,01/16/25,228.01,71759100.0
AAPL,01/15/25,237.61,39832000.0
AAPL,01/14/25,233.02,39435300.0
AAPL,01/13/25,234.14,49630700.0
AAPL,01/10/25,236.59,61710900.0
AAPL,01/08/25,242.43,37628900.0
AAPL,01/07/25,241.94,40856000.0
AAPL,01/06/25,244.73,45045600.0
AAPL,01/03/25,243.09,40244100.0
AAPL,01/02/25,243.58,55740700.0
AAPL,12/31/24,250.14,39480700.0
AAPL,12/30/24,251.92,35557500.0
AAPL,12/27/24,255.31,42355300.0
AAPL,12/26/24,258.74,27237100.0
AAPL,12/24/24,257.92,23234700.0
AAPL,12/23/24,254.99,40858800.0
AAPL,12/20/24,254.21,147495300.0
AAPL,12/19/24,249.52,60882300.0
AAPL,12/18/24,247.78,56774100.0
AAPL,12/17/24,253.2,51356400.0
AAPL,12/16/24,250.76,51694800.0
AAPL,12/13/24,247.86,33155300.0
AAPL,12/12/24,247.69,32777500.0
AAPL,12/11/24,246.22,45205800.0
AAPL,12/10/24,247.5,36914800.0
AAPL,12/09/24,246.48,44649200.0
AAPL,12/06/24,242.57,36870600.0
AAPL,12/05/24,242.77,40033900.0
AAPL,12/04/24,242.74,44383900.0
AAPL,12/03/24,242.38,38861000.0
AAPL,12/02/24,239.33,48137100.0
AAPL,11/29/24,237.07,28481400.0
AAPL,11/27/24,234.67,33498400.0
AAPL,11/26/24,234.8,45986200.0
AAPL,11/25/24,232.61,90152800.0
AAPL,11/22/24,229.62,38168300.0
AAPL,11/21/24,228.27,42108300.0
AAPL,11/20/24,228.75,35169600.0
AAPL,11/19/24,228.03,36211800.0
AAPL,11/18/24,227.77,44686000.0
AAPL,11/15/24,224.75,47923700.0
AAPL,11/14/24,227.97,44923900.0
AAPL,11/13/24,224.87,48566200.0
AAPL,11/12/24,223.98,40398300.0
AAPL,11/11/24,223.98,42005600.0
AAPL,11/08/24,226.71,38328800.0
AAPL,11/07/24,226.98,42137700.0
AAPL,11/06/24,222.23,54561100.0
AAPL,11/05/24,222.96,28111300.0
AAPL,11/04/24,221.52,44944500.0
AAPL,11/01/24,222.42,65276700.0
AAPL,10/31/24,225.41,64370100.0
AAPL,10/30/24,229.59,47070900.0
AAPL,10/29/24,233.16,35417200.0
AAPL,10/28/24,232.89,36087100.0
AAPL,10/25/24,230.9,38802300.0
AAPL,10/24/24,230.06,31109500.0
AAPL,10/23/24,230.25,52287000.0
AAPL,10/22/24,235.34,38846600.0
AAPL,10/21/24,235.96,36254500.0
AAPL,10/18/24,234.48,46431500.0
AAPL,10/17/24,231.64,32993800.0
AAPL,10/16/24,231.27,34082200.0
AAPL,10/15/24,233.34,64751400.0
AAPL,10/14/24,230.79,39882100.0
AAPL,10/11/24,227.05,31759200.0
AAPL,10/10/24,228.54,28183500.0
AAPL,10/09/24,229.04,33591100.0
AAPL,10/08/24,225.27,31855700.0
AAPL,10/07/24,221.2,39505400.0
AAPL,10/04/24,226.3,37245100.0
AAPL,10/03/24,225.17,34044200.0
AAPL,10/02/24,226.28,32880600.0
AAPL,10/01/24,225.71,63285000.0
AAPL,09/30/24,232.49,54541900.0
AAPL,09/27/24,227.29,34026000.0
AAPL,09/26/24,227.02,36636700.0
AAPL,09/25/24,225.87,42308700.0
AAPL,09/24/24,226.87,43556100.0
AAPL,09/23/24,225.97,54146000.0
AAPL,09/20/24,227.7,318679900.0
AAPL,09/19/24,228.37,66781300.0
AAPL,09/18/24,220.21,59894900.0
AAPL,09/17/24,216.31,45519300.0
AAPL,09/16/24,215.84,59357400.0
AAPL,09/13/24,222.01,36766600.0
AAPL,09/12/24,222.28,37498200.0
AAPL,09/11/24,222.17,44587100.0
AAPL,09/10/24,219.63,51591000.0
AAPL,09/09/24,220.42,67180000.0
AAPL,09/06/24,220.34,48423000.0
AAPL,09/05/24,221.89,36615400.0
AAPL,09/04/24,220.37,43840200.0
AAPL,09/03/24,222.28,50190600.0
AAPL,08/30/24,228.5,52990800.0
AAPL,08/29/24,229.29,51906300.0
AAPL,08/28/24,225.99,38052200.0
AAPL,08/27/24,227.53,35934600.0
AAPL,08/26/24,226.68,30602200.0
AAPL,08/23/24,226.34,38677300.0
AAPL,08/22/24,224.04,43695300.0
AAPL,08/21/24,225.9,34765500.0
AAPL,08/20/24,226.01,30299000.0
AAPL,08/19/24,225.39,40687800.0
AAPL,08/16/24,225.55,44340200.0
AAPL,08/15/24,224.23,46414000.0
AAPL,08/14/24,221.23,41960600.0
AAPL,08/13/24,220.78,44155300.0
AAPL,08/12/24,217.05,38028100.0
AAPL,08/09/24,215.52,42201600.0
AAPL,08/08/24,212.6,47161100.0
AAPL,08/07/24,209.12,63516400.0
AAPL,08/06/24,206.54,69660500.0
AAPL,08/05/24,208.57,119548600.0
AAPL,08/02/24,219.12,105568600.0
AAPL,08/01/24,217.63,62501000.0
AAPL,07/31/24,221.34,50036300.0
AAPL,07/30/24,218.07,41643800.0
AAPL,07/29/24,217.51,36311800.0
AAPL,07/26/24,217.23,41601300.0
AAPL,07/25/24,216.76,51391200.0
AAPL,07/24/24,217.81,61777600.0
AAPL,07/23/24,224.26,39960300.0
AAPL,07/22/24,223.21,48201800.0
AAPL,07/19/24,223.56,49151500.0
AAPL,07/18/24,223.43,66034600.0
AAPL,07/17/24,228.11,57345900.0
AAPL,07/16/24,234.03,43234300.0
AAPL,07/15/24,233.61,62631300.0
AAPL,07/12/24,229.77,53046500.0
AAPL,07/11/24,226.81,64710600.0
AAPL,07/10/24,232.2,62627700.0
AAPL,07/09/24,227.91,48076100.0
AAPL,07/08/24,227.06,59085900.0
AAPL,07/05/24,225.58,60412400.0
AAPL,07/03/24,220.81,37369800.0
AAPL,07/02/24,219.53,58046200.0
AAPL,07/01/24,216.02,60402900.0
AAPL,06/28/24,209.91,82542700.0
AAPL,06/27/24,213.38,49772700.0
AAPL,06/26/24,212.54,66213200.0
AAPL,06/25/24,208.37,56713900.0
AAPL,06/24/24,207.44,80727000.0
AAPL,06/21/24,206.79,246421400.0
AAPL,06/20/24,208.98,86172500.0
AAPL,06/18/24,213.57,79943300.0
AAPL,06/17/24,215.94,93728300.0
AAPL,06/14/24,211.78,70122700.0
AAPL,06/13/24,213.52,97862700.0
AAPL,06/12/24,212.36,198134300.0
AAPL,06/11/24,206.46,172373300.0
AAPL,06/10/24,192.47,97262100.0
AAPL,06/07/24,196.23,53103900.0
AAPL,06/06/24,193.83,41181800.0
AAPL,06/05/24,195.21,54156800.0
AAPL,06/04/24,193.7,47471400.0
AAPL,06/03/24,193.38,50080500.0
AAPL,05/31/24,191.61,75158300.0
AAPL,05/30/24,190.65,49947900.0
AAPL,05/29/24,189.65,53068000.0
AAPL,05/28/24,189.35,52280100.0
AAPL,05/24/24,189.34,36294600.0
AAPL,05/23/24,186.25,51005900.0
AAPL,05/22/24,190.26,34648500.0
AAPL,05/21/24,191.71,42309400.0
AAPL,05/20/24,190.4,44361300.0
AAPL,05/17/24,189.23,41282900.0
AAPL,05/16/24,189.2,52845200.0
AAPL,05/15/24,189.08,70400000.0
AAPL,05/14/24,186.8,52393600.0
AAPL,05/13/24,185.66,72044800.0
AAPL,05/10/24,182.44,50759500.0
AAPL,05/09/24,183.7,48983000.0
AAPL,05/08/24,181.88,45057100.0
AAPL,05/07/24,181.54,77305800.0
AAPL,05/06/24,180.86,78569700.0
AAPL,05/03/24,182.52,163224100.0
AAPL,05/02/24,172.22,94214900.0
AAPL,05/01/24,168.5,50383100.0
AAPL,04/30/24,169.53,65934800.0
AAPL,04/29/24,172.68,68169400.0
AAPL,04/26/24,168.5,44838400.0
AAPL,04/25/24,169.09,50558300.0
AAPL,04/24/24,168.23,48251800.0
AAPL,04/23/24,166.12,49537800.0
AAPL,04/22/24,165.06,48116400.0
AAPL,04/19/24,164.22,67772100.0
AAPL,04/18/24,166.25,43122900.0
AAPL,04/17/24,167.21,50901200.0
AAPL,04/16/24,168.58,73711200.0
AAPL,04/15/24,171.88,73531800.0
AAPL,04/12/24,175.72,101593300.0
AAPL,04/11/24,174.22,91070300.0
AAPL,04/10/24,166.99,49709300.0
AAPL,04/09/24,168.87,42451200.0
AAPL,04/08/24,167.66,37425500.0
AAPL,04/05/24,168.78,42055200.0
AAPL,04/04/24,168.03,53704400.0
AAPL,04/03/24,168.85,47691700.0
AAPL,04/02/24,168.05,49329500.0
AAPL,04/01/24,169.23,46240500.0
AAPL,03/28/24,170.67,65672700.0
AAPL,03/27/24,172.5,60273300.0
AAPL,03/26/24,168.91,57388400.0
AAPL,03/25/24,170.05,54288300.0
AAPL,03/22/24,171.47,71106600.0
AAPL,03/21/24,170.56,106181300.0
AAPL,03/20/24,177.83,53423100.0
AAPL,03/19/24,175.25,55215200.0
AAPL,03/18/24,172.9,75604200.0
AAPL,03/15/24,171.81,121664700.0
AAPL,03/14/24,172.19,72913500.0
AAPL,03/13/24,170.33,52488700.0
AAPL,03/12/24,172.42,59825400.0
AAPL,03/11/24,171.94,60139500.0
AAPL,03/08/24,169.93,76114600.0
AAPL,03/07/24,168.21,71765100.0
AAPL,03/06/24,168.33,68587700.0
AAPL,03/05/24,169.32,95132400.0
AAPL,03/04/24,174.28,81510100.0
AAPL,03/01/24,178.82,73488000.0
AAPL,02/29/24,179.9,136682600.0
AAPL,02/28/24,180.57,48953900.0
AAPL,02/27/24,181.77,54318900.0
AAPL,02/26/24,180.31,40867400.0
AAPL,02/23/24,181.66,45119700.0
AAPL,02/22/24,183.5,52292200.0
AAPL,02/21/24,181.46,41529700.0
AAPL,02/20/24,180.71,53665600.0
AAPL,02/16/24,181.45,49701400.0
AAPL,02/15/24,183.0,65434500.0
AAPL,02/14/24,183.28,54630500.0
AAPL,02/13/24,184.17,56529500.0
AAPL,02/12/24,186.27,41781900.0
AAPL,02/09/24,187.96,45155200.0
AAPL,02/08/24,187.2,40962000.0
AAPL,02/07/24,188.28,53439000.0
AAPL,02/06/24,188.17,43490800.0
AAPL,02/05/24,186.56,69668800.0
AAPL,02/02/24,184.74,102518000.0
AAPL,02/01/24,185.74,64885400.0
AAPL,01/31/24,183.3,55467800.0
AAPL,01/30/24,186.92,55859400.0
AAPL,01/29/24,190.59,47145600.0
AAPL,01/26/24,191.27,44594000.0
AAPL,01/25/24,193.01,54822100.0
AAPL,01/24/24,193.34,53631300.0
AAPL,01/23/24,194.02,42355600.0
AAPL,01/22/24,192.73,60133900.0
AAPL,01/19/24,190.42,68741000.0
AAPL,01/18/24,187.5,78005800.0
AAPL,01/17/24,181.59,47317400.0
AAPL,01/16/24,182.53,65603000.0
AAPL,01/12/24,184.81,40444700.0
AAPL,01/11/24,184.48,49128400.0
AAPL,01/10/24,185.08,46792900.0
AAPL,01/09/24,184.04,42841800.0
AAPL,01/08/24,184.45,59144500.0
AAPL,01/05/24,180.1,62303300.0
AAPL,01/04/24,180.82,71983600.0
AAPL,01/03/24,183.15,58414500.0
AAPL,01/02/24,184.53,82488700.0
MSFT,04/29/25,394.04,14974000.0
MSFT,04/28/25,391.16,16579400.0
MSFT,04/25/25,391.85,18973200.0
MSFT,04/24/25,387.3,22232300.0
MSFT,04/23/25,374.39,20545500.0
MSFT,04/22/25,366.82,19485000.0
MSFT,04/21/25,359.12,20807300.0
MSFT,04/17/25,367.78,20943700.0
MSFT,04/16/25,371.61,21967800.0
MSFT,04/15/25,385.73,17199900.0
MSFT,04/14/25,387.81,19251200.0
MSFT,04/11/25,388.45,23839200.0
MSFT,04/10/25,381.35,38024400.0
MSFT,04/09/25,390.49,50199700.0
MSFT,04/08/25,354.56,35868900.0
MSFT,04/07/25,357.86,50425000.0
MSFT,04/04/25,359.84,49209900.0
MSFT,04/03/25,373.11,30198000.0
MSFT,04/02/25,382.14,16092600.0
MSFT,04/01/25,382.19,19689500.0
MSFT,03/31/25,375.39,35184700.0
MSFT,03/28/25,378.8,21632000.0
MSFT,03/27/25,390.58,13766800.0
MSFT,03/26/25,389.97,16108400.0
MSFT,03/25/25,395.16,15775000.0
MSFT,03/24/25,393.08,21004500.0
MSFT,03/21/25,391.26,39675900.0
MSFT,03/20/25,386.84,18470500.0
MSFT,03/19/25,387.82,19185500.0
MSFT,03/18/25,383.52,19486900.0
MSFT,03/17/25,388.7,22474300.0
MSFT,03/14/25,388.56,19952800.0
MSFT,03/13/25,378.77,20473000.0
MSFT,03/12/25,383.27,24253600.0
MSFT,03/11/25,380.45,30380200.0
MSFT,03/10/25,380.16,32840100.0
MSFT,03/07/25,393.31,22034100.0
MSFT,03/06/25,396.89,23304600.0
MSFT,03/05/25,401.02,23433100.0
MSFT,03/04/25,388.61,29342900.0
MSFT,03/03/25,388.49,23007700.0
MSFT,02/28/25,396.99,32845700.0
MSFT,02/27/25,392.53,21127400.0
MSFT,02/26/25,399.73,19619000.0
MSFT,02/25/25,397.9,29387400.0
MSFT,02/24/25,404.0,26443700.0
MSFT,02/21/25,408.21,27524800.0
MSFT,02/20/25,416.13,23508700.0
MSFT,02/19/25,413.94,24114200.0
MSFT,02/18/25,408.82,21423100.0
MSFT,02/14/25,407.61,22758500.0
MSFT,02/13/25,409.72,23891700.0
MSFT,02/12/25,408.22,19121700.0
MSFT,02/11/25,410.62,18140600.0
MSFT,02/10/25,411.4,20817900.0
MSFT,02/07/25,408.93,22886800.0
MSFT,02/06/25,414.99,16309800.0
MSFT,02/05/25,412.46,16316700.0
MSFT,02/04/25,411.54,20532100.0
MSFT,02/03/25,410.1,25679100.0
MSFT,01/31/25,414.23,34223400.0
MSFT,01/30/25,414.16,54586300.0
MSFT,01/29/25,441.44,23581400.0
MSFT,01/28/25,446.31,23491700.0
MSFT,01/27/25,433.69,35647800.0
MSFT,01/24/25,443.17,15549500.0
MSFT,01/23/25,445.82,18389300.0
MSFT,01/22/25,445.31,27803800.0
MSFT,01/21/25,427.64,26085700.0
MSFT,01/17/25,428.17,26197500.0
MSFT,01/16/25,423.73,15300000.0
MSFT,01/15/25,425.46,19637800.0
MSFT,01/14/25,414.84,16935900.0
MSFT,01/13/25,416.36,17604800.0
MSFT,01/10/25,418.11,20201100.0
MSFT,01/08/25,423.71,15054600.0
MSFT,01/07/25,421.52,18139100.0
MSFT,01/06/25,426.99,20573600.0
MSFT,01/03/25,422.5,16662900.0
MSFT,01/02/25,417.74,16896500.0
MSFT,12/31/24,420.66,13246500.0
MSFT,12/30/24,423.98,13158700.0
MSFT,12/27/24,429.67,18117700.0
MSFT,12/26/24,437.23,8194200.0
MSFT,12/24/24,438.45,7164500.0
MSFT,12/23/24,434.38,19152500.0
MSFT,12/20/24,435.73,64263700.0
MSFT,12/19/24,436.16,22963700.0
MSFT,12/18/24,436.51,24444500.0
MSFT,12/17/24,453.55,22733500.0
MSFT,12/16/24,450.69,23598800.0
MSFT,12/13/24,446.37,20177800.0
MSFT,12/12/24,448.66,20834800.0
MSFT,12/11/24,448.09,19200200.0
MSFT,12/10/24,442.44,18469500.0
MSFT,12/09/24,445.13,19144400.0
MSFT,12/06/24,442.68,18821000.0
MSFT,12/05/24,441.73,21697800.0
MSFT,12/04/24,436.54,26009400.0
MSFT,12/03/24,430.34,18302000.0
MSFT,12/02/24,430.12,20207200.0
MSFT,11/29/24,422.61,16271900.0
MSFT,11/27/24,422.14,18332400.0
MSFT,11/26/24,427.13,23458900.0
MSFT,11/25/24,417.95,27691100.0
MSFT,11/22/24,416.17,24814600.0
MSFT,11/21/24,412.04,20780200.0
MSFT,11/20/24,413.83,19191700.0
MSFT,11/19/24,416.12,18133500.0
MSFT,11/18/24,414.1,24742000.0
MSFT,11/15/24,413.34,28247600.0
MSFT,11/14/24,425.18,30246900.0
MSFT,11/13/24,423.5,21502200.0
MSFT,11/12/24,421.34,19401200.0
MSFT,11/11/24,416.34,24503300.0
MSFT,11/08/24,420.85,16891400.0
MSFT,11/07/24,423.73,19901800.0
MSFT,11/06/24,418.5,26681800.0
MSFT,11/05/24,409.82,17626000.0
MSFT,11/04/24,406.83,19672300.0
MSFT,11/01/24,408.73,24230400.0
MSFT,10/31/24,404.73,53971000.0
MSFT,10/30/24,430.8,29749100.0
MSFT,10/29/24,430.22,17644100.0
MSFT,10/28/24,424.89,14882400.0
MSFT,10/25/24,426.44,16899100.0
MSFT,10/24/24,423.03,13581600.0
MSFT,10/23/24,422.9,19654400.0
MSFT,10/22/24,425.8,25482200.0
MSFT,10/21/24,417.11,14206100.0
MSFT,10/18/24,416.49,17145300.0
MSFT,10/17/24,415.06,14820000.0
MSFT,10/16/24,414.46,15508900.0
MSFT,10/15/24,417.07,18900200.0
MSFT,10/14/24,417.47,16653100.0
MSFT,10/11/24,414.66,14144900.0
MSFT,10/10/24,414.18,13848400.0
MSFT,10/09/24,415.79,14974300.0
MSFT,10/08/24,413.05,19229300.0
MSFT,10/07/24,407.9,20919800.0
MSFT,10/04/24,414.4,19169700.0
MSFT,10/03/24,414.88,13686400.0
MSFT,10/02/24,415.46,16582300.0
MSFT,10/01/24,419.01,19092900.0
MSFT,09/30/24,428.58,16807300.0
MSFT,09/27/24,426.31,14896100.0
MSFT,09/26/24,429.59,14492000.0
MSFT,09/25/24,430.38,13396400.0
MSFT,09/24/24,427.46,17015800.0
MSFT,09/23/24,431.78,15128900.0
MSFT,09/20/24,433.53,55167100.0
MSFT,09/19/24,436.94,21706600.0
MSFT,09/18/24,429.09,18898000.0
MSFT,09/17/24,433.41,18874200.0
MSFT,09/16/24,429.62,13834700.0
MSFT,09/13/24,428.87,15874600.0
MSFT,09/12/24,425.29,17418800.0
MSFT,09/11/24,421.35,19266900.0
MSFT,09/10/24,412.55,19594300.0
MSFT,09/09/24,404.1,15295100.0
MSFT,09/06/24,400.1,19609500.0
MSFT,09/05/24,406.76,14195500.0
MSFT,09/04/24,407.27,15135800.0
MSFT,09/03/24,407.8,20313600.0
MSFT,08/30/24,415.47,24308300.0
MSFT,08/29/24,411.47,17045200.0
MSFT,08/28/24,408.96,14882700.0
MSFT,08/27/24,412.19,13492900.0
MSFT,08/26/24,411.84,13152800.0
MSFT,08/23/24,415.13,18493800.0
MSFT,08/22/24,413.89,19361900.0
MSFT,08/21/24,422.45,16067300.0
MSFT,08/20/24,423.1,16387600.0
MSFT,08/19/24,419.85,15234000.0
MSFT,08/16/24,416.8,22775600.0
MSFT,08/15/24,419.35,20752100.0
MSFT,08/14/24,414.45,18267000.0
MSFT,08/13/24,411.61,19414300.0
MSFT,08/12/24,404.46,16762900.0
MSFT,08/09/24,403.67,19276700.0
MSFT,08/08/24,400.36,20203000.0
MSFT,08/07/24,396.12,20650900.0
MSFT,08/06/24,397.3,24946500.0
MSFT,08/05/24,392.86,40709200.0
MSFT,08/02/24,406.13,29437900.0
MSFT,08/01/24,414.7,30296400.0
MSFT,07/31/24,415.93,42891400.0
MSFT,07/30/24,420.47,32687600.0
MSFT,07/29/24,424.26,15125800.0
MSFT,07/26/24,422.81,23583800.0
MSFT,07/25/24,415.98,29943800.0
MSFT,07/24/24,426.42,26805800.0
MSFT,07/23/24,442.28,13107100.0
MSFT,07/22/24,440.38,15808800.0
MSFT,07/19/24,434.58,20940400.0
MSFT,07/18/24,437.82,20794800.0
MSFT,07/17/24,440.95,21778000.0
MSFT,07/16/24,446.92,17175700.0
MSFT,07/15/24,451.33,14429400.0
MSFT,07/12/24,450.93,16324300.0
MSFT,07/11/24,452.07,23111200.0
MSFT,07/10/24,463.55,18196100.0
MSFT,07/09/24,456.88,17207200.0
MSFT,07/08/24,463.54,12962300.0
MSFT,07/05/24,464.85,16000300.0
MSFT,07/03/24,458.1,9932800.0
MSFT,07/02/24,456.62,13979800.0
MSFT,07/01/24,454.09,17662800.0
MSFT,06/28/24,444.36,28362300.0
MSFT,06/27/24,450.23,14806300.0
MSFT,06/26/24,449.54,16507000.0
MSFT,06/25/24,448.34,16747500.0
MSFT,06/24/24,445.08,15913700.0
MSFT,06/21/24,447.18,34486200.0
MSFT,06/20/24,443.12,19877400.0
MSFT,06/18/24,443.76,17112500.0
MSFT,06/17/24,445.78,20790000.0
MSFT,06/14/24,440.01,13582000.0
MSFT,06/13/24,439.02,15960600.0
MSFT,06/12/24,438.51,22366200.0
MSFT,06/11/24,430.18,14551100.0
MSFT,06/10/24,425.39,14003000.0
MSFT,06/07/24,421.4,13621700.0
MSFT,06/06/24,422.06,14861300.0
MSFT,06/05/24,421.56,16988000.0
MSFT,06/04/24,413.66,14348900.0
MSFT,06/03/24,411.13,17484700.0
MSFT,05/31/24,412.73,47995300.0
MSFT,05/30/24,412.27,28424800.0
MSFT,05/29/24,426.69,15517100.0
MSFT,05/28/24,427.83,15718000.0
MSFT,05/24/24,427.67,11845800.0
MSFT,05/23/24,424.53,17211700.0
MSFT,05/22/24,428.03,18073700.0
MSFT,05/21/24,426.56,21453300.0
MSFT,05/20/24,422.88,16272100.0
MSFT,05/17/24,417.78,15352200.0
MSFT,05/16/24,418.55,17530100.0
MSFT,05/15/24,420.63,22239500.0
MSFT,05/14/24,413.4,15109300.0
MSFT,05/13/24,410.59,15440200.0
MSFT,05/10/24,411.6,13402300.0
MSFT,05/09/24,409.2,14689700.0
MSFT,05/08/24,407.43,11792300.0
MSFT,05/07/24,406.24,20018200.0
MSFT,05/06/24,410.41,16996600.0
MSFT,05/03/24,403.58,17446700.0
MSFT,05/02/24,394.83,17709400.0
MSFT,05/01/24,391.95,23562500.0
MSFT,04/30/24,386.38,28781400.0
MSFT,04/29/24,399.2,19582100.0
MSFT,04/26/24,403.24,29694700.0
MSFT,04/25/24,396.02,40586500.0
MSFT,04/24/24,405.96,15065300.0
MSFT,04/23/24,404.48,15734500.0
MSFT,04/22/24,397.92,20286900.0
MSFT,04/19/24,396.1,30276500.0
MSFT,04/18/24,401.21,21029900.0
MSFT,04/17/24,408.72,15855500.0
MSFT,04/16/24,411.44,16765600.0
MSFT,04/15/24,410.51,20273500.0
MSFT,04/12/24,418.7,19232100.0
MSFT,04/11/24,424.69,17966400.0
MSFT,04/10/24,420.05,16216600.0
MSFT,04/09/24,423.05,12512300.0
MSFT,04/08/24,421.37,14272400.0
MSFT,04/05/24,422.3,16544300.0
MSFT,04/04/24,414.71,19370900.0
MSFT,04/03/24,417.26,16502300.0
MSFT,04/02/24,418.25,17912000.0
MSFT,04/01/24,421.35,16316000.0
MSFT,03/28/24,417.53,21871200.0
MSFT,03/27/24,418.24,16705000.0
MSFT,03/26/24,418.46,16725600.0
MSFT,03/25/24,419.66,18060500.0
MSFT,03/22/24,425.49,17636500.0
MSFT,03/21/24,426.12,21296200.0
MSFT,03/20/24,422.01,17860100.0
MSFT,03/19/24,418.22,19837900.0
MSFT,03/18/24,414.16,20106000.0
MSFT,03/15/24,413.26,45049800.0
MSFT,03/14/24,422.0,34157300.0
MSFT,03/13/24,411.95,17115900.0
MSFT,03/12/24,412.13,22457000.0
MSFT,03/11/24,401.46,16120800.0
MSFT,03/08/24,403.14,17971700.0
MSFT,03/07/24,406.04,18718500.0
MSFT,03/06/24,399.04,22344100.0
MSFT,03/05/24,399.6,26919200.0
MSFT,03/04/24,411.78,17596000.0
MSFT,03/01/24,412.35,17800300.0
MSFT,02/29/24,410.51,31947300.0
MSFT,02/28/24,404.63,13183100.0
MSFT,02/27/24,404.39,14835800.0
MSFT,02/26/24,404.45,16193500.0
MSFT,02/23/24,407.23,16295900.0
MSFT,02/22/24,408.53,27009900.0
MSFT,02/21/24,399.13,18631100.0
MSFT,02/20/24,399.74,24307900.0
MSFT,02/16/24,401.0,22281100.0
MSFT,02/15/24,403.48,21825500.0
MSFT,02/14/24,406.39,20401200.0
MSFT,02/13/24,402.5,27824900.0
MSFT,02/12/24,411.35,21202900.0
MSFT,02/09/24,416.59,22032800.0
MSFT,02/08/24,410.21,21225300.0
MSFT,02/07/24,410.15,22340500.0
MSFT,02/06/24,401.67,18382600.0
MSFT,02/05/24,401.83,25352300.0
MSFT,02/02/24,407.35,28245000.0
MSFT,02/01/24,399.98,30657700.0
MSFT,01/31/24,393.84,47871100.0
MSFT,01/30/24,404.75,33477600.0
MSFT,01/29/24,405.87,24510200.0
MSFT,01/26/24,400.13,17803300.0
MSFT,01/25/24,401.06,21021200.0
MSFT,01/24/24,398.77,24867000.0
MSFT,01/23/24,395.15,20525900.0
MSFT,01/22/24,392.78,27016900.0
MSFT,01/19/24,394.92,29272000.0
MSFT,01/18/24,390.16,23392100.0
MSFT,01/17/24,385.81,22234100.0
MSFT,01/16/24,386.6,27202300.0
MSFT,01/12/24,384.82,21645700.0
MSFT,01/11/24,381.01,27850800.0
MSFT,01/10/24,379.17,25514200.0
MSFT,01/09/24,372.25,20830000.0
MSFT,01/08/24,371.16,23134000.0
MSFT,01/05/24,364.29,20987000.0
MSFT,01/04/24,364.48,20901500.0
MSFT,01/03/24,367.11,23083500.0
MSFT,01/02/24,367.38,25258600.0
GOOG,04/29/25,162.06,15955200.0
GOOG,04/28/25,162.42,20871200.0
GOOG,04/25/25,163.85,35148100.0
GOOG,04/24/25,161.47,30787500.0
GOOG,04/23/25,157.72,18575700.0
GOOG,04/22/25,153.9,15910300.0
GOOG,04/21/25,149.86,16147800.0
GOOG,04/17/25,153.36,19513400.0
GOOG,04/16/25,155.5,16921500.0
GOOG,04/15/25,158.68,15690800.0
GOOG,04/14/25,161.47,18255900.0
GOOG,04/11/25,159.4,22582000.0
GOOG,04/10/25,155.37,35270500.0
GOOG,04/09/25,161.06,46479500.0
GOOG,04/08/25,146.58,35304400.0
GOOG,04/07/25,149.24,47823000.0
GOOG,04/04/25,147.74,39832200.0
GOOG,04/03/25,152.63,28416100.0
GOOG,04/02/25,158.86,17113300.0
GOOG,04/01/25,158.88,20111400.0
GOOG,03/31/25,156.23,33591600.0
GOOG,03/28/25,156.06,34866500.0
GOOG,03/27/25,164.08,21571200.0
GOOG,03/26/25,167.14,22498000.0
GOOG,03/25/25,172.79,13841600.0
GOOG,03/24/25,169.93,18742800.0
GOOG,03/21/25,166.25,29882100.0
GOOG,03/20/25,165.05,19981500.0
GOOG,03/19/25,166.28,24955700.0
GOOG,03/18/25,162.67,24616800.0
GOOG,03/17/25,166.57,17839100.0
GOOG,03/14/25,167.62,18611100.0
GOOG,03/13/25,164.73,15206200.0
GOOG,03/12/25,169.0,19880100.0
GOOG,03/11/25,165.98,23705900.0
GOOG,03/10/25,167.81,28990700.0
GOOG,03/07/25,175.55,16395300.0
GOOG,03/06/25,174.01,19082400.0
GOOG,03/05/25,174.79,18848000.0
GOOG,03/04/25,172.41,30711400.0
GOOG,03/03/25,168.47,24122000.0
GOOG,02/28/25,172.02,30049800.0
GOOG,02/27/25,170.02,25930500.0
GOOG,02/26/25,174.5,23637200.0
GOOG,02/25/25,177.17,20832500.0
GOOG,02/24/25,180.98,18734000.0
GOOG,02/21/25,181.37,19520800.0
GOOG,02/20/25,186.43,12063800.0
GOOG,02/19/25,186.92,13120500.0
GOOG,02/18/25,185.59,19796000.0
GOOG,02/14/25,186.66,12714200.0
GOOG,02/13/25,187.67,12729300.0
GOOG,02/12/25,185.22,17632300.0
GOOG,02/11/25,186.86,13028100.0
GOOG,02/10/25,187.99,16606000.0
GOOG,02/07/25,186.93,29565700.0
GOOG,02/06/25,193.09,20816600.0
GOOG,02/05/25,193.08,43666400.0
GOOG,02/04/25,207.47,28285400.0
GOOG,02/03/25,202.41,16719500.0
GOOG,01/31/25,205.37,17087300.0
GOOG,01/30/25,202.4,14571500.0
GOOG,01/29/25,196.96,12287800.0
GOOG,01/28/25,196.85,15939200.0
GOOG,01/27/25,193.55,24970200.0
GOOG,01/24/25,201.67,12732400.0
GOOG,01/23/25,199.35,15170800.0
GOOG,01/22/25,199.8,15477400.0
GOOG,01/21/25,199.4,19005200.0
GOOG,01/17/25,197.33,22109100.0
GOOG,01/16/25,194.19,13449600.0
GOOG,01/15/25,196.76,12894900.0
GOOG,01/14/25,190.83,13651200.0
GOOG,01/13/25,192.07,13169100.0
GOOG,01/10/25,192.95,20753800.0
GOOG,01/08/25,195.17,14335300.0
GOOG,01/07/25,196.49,16966800.0
GOOG,01/06/25,197.73,19483300.0
GOOG,01/03/25,192.91,12875000.0
GOOG,01/02/25,190.41,17545200.0
GOOG,12/31/24,190.22,14355200.0
GOOG,12/30/24,192.47,12209500.0
GOOG,12/27/24,193.82,14693000.0
GOOG,12/26/24,196.88,7907900.0
GOOG,12/24/24,197.35,6809800.0
GOOG,12/23/24,195.77,15235900.0
GOOG,12/20/24,192.74,45319700.0
GOOG,12/19/24,189.48,26981200.0
GOOG,12/18/24,189.93,27638400.0
GOOG,12/17/24,196.9,24129500.0
GOOG,12/16/24,197.93,32248600.0
GOOG,12/13/24,191.16,18883200.0
GOOG,12/12/24,193.41,25197800.0
GOOG,12/11/24,196.49,41664500.0
GOOG,12/10/24,186.32,34317400.0
GOOG,12/09/24,176.9,19887800.0
GOOG,12/06/24,176.09,13319500.0
GOOG,12/05/24,173.91,16145500.0
GOOG,12/04/24,175.69,18239800.0
GOOG,12/03/24,172.63,15721500.0
GOOG,12/02/24,172.59,16593400.0
GOOG,11/29/24,170.1,9250700.0
GOOG,11/27/24,170.43,12433400.0
GOOG,11/26/24,170.23,14937500.0
GOOG,11/25/24,169.05,21395700.0
GOOG,11/22/24,166.19,24497000.0
GOOG,11/21/24,168.86,38839400.0
GOOG,11/20/24,176.93,15729800.0
GOOG,11/19/24,179.17,15392900.0
GOOG,11/18/24,176.4,18725400.0
GOOG,11/15/24,173.5,21708900.0
GOOG,11/14/24,176.95,17925800.0
GOOG,11/13/24,180.08,13969700.0
GOOG,11/12/24,182.9,14065800.0
GOOG,11/11/24,181.56,12503400.0
GOOG,11/08/24,179.45,15021500.0
GOOG,11/07/24,181.87,16730400.0
GOOG,11/06/24,177.93,27061500.0
GOOG,11/05/24,171.02,12518300.0
GOOG,11/04/24,170.29,16194000.0
GOOG,11/01/24,172.26,21752900.0
GOOG,10/31/24,172.3,32801900.0
GOOG,10/30/24,175.74,49698300.0
GOOG,10/29/24,170.75,28916100.0
GOOG,10/28/24,167.96,20858300.0
GOOG,10/25/24,166.61,14566400.0
GOOG,10/24/24,164.16,12764400.0
GOOG,10/23/24,164.11,12754300.0
GOOG,10/22/24,166.44,11958600.0
GOOG,10/21/24,165.42,11384000.0
GOOG,10/18/24,164.68,13091300.0
GOOG,10/17/24,164.14,15113400.0
GOOG,10/16/24,166.36,9968500.0
GOOG,10/15/24,166.52,14829300.0
GOOG,10/14/24,165.97,9981800.0
GOOG,10/11/24,164.15,10946000.0
GOOG,10/10/24,162.81,12900500.0
GOOG,10/09/24,162.69,19666400.0
GOOG,10/08/24,165.32,11723900.0
GOOG,10/07/24,164.02,14034700.0
GOOG,10/04/24,168.18,11422100.0
GOOG,10/03/24,166.83,11004300.0
GOOG,10/02/24,166.93,12745000.0
GOOG,10/01/24,168.04,18629500.0
GOOG,09/30/24,166.81,14070100.0
GOOG,09/27/24,164.91,13604300.0
GOOG,09/26/24,163.46,18234500.0
GOOG,09/25/24,162.62,13607900.0
GOOG,09/24/24,163.27,18774100.0
GOOG,09/23/24,162.7,15648400.0
GOOG,09/20/24,164.27,46362700.0
GOOG,09/19/24,162.87,17548200.0
GOOG,09/18/24,160.44,16756500.0
GOOG,09/17/24,159.92,12064800.0
GOOG,09/16/24,158.63,14157600.0
GOOG,09/13/24,158.01,16733900.0
GOOG,09/12/24,155.19,21024100.0
GOOG,09/11/24,151.8,18991500.0
GOOG,09/10/24,149.67,20401800.0
GOOG,09/09/24,149.2,28057700.0
GOOG,09/06/24,151.59,24999100.0
GOOG,09/05/24,158.03,14139500.0
GOOG,09/04/24,157.24,17410700.0
GOOG,09/03/24,158.04,26533100.0
GOOG,08/30/24,164.52,18498800.0
GOOG,08/29/24,162.81,17133800.0
GOOG,08/28/24,163.91,15208700.0
GOOG,08/27/24,165.78,13718200.0
GOOG,08/26/24,167.33,11990300.0
GOOG,08/23/24,166.83,14281600.0
GOOG,08/22/24,164.9,19123800.0
GOOG,08/21/24,167.03,15269600.0
GOOG,08/20/24,168.35,12622500.0
GOOG,08/19/24,167.8,13100800.0
GOOG,08/16/24,164.15,16853100.0
GOOG,08/15/24,162.59,18392500.0
GOOG,08/14/24,161.45,22515900.0
GOOG,08/13/24,165.34,12717600.0
GOOG,08/12/24,163.36,12435000.0
GOOG,08/09/24,164.8,13549200.0
GOOG,08/08/24,163.25,15733600.0
GOOG,08/07/24,160.17,19334200.0
GOOG,08/06/24,159.97,36146500.0
GOOG,08/05/24,160.06,34907800.0
GOOG,08/02/24,167.8,18907800.0
GOOG,08/01/24,171.83,17177800.0
GOOG,07/31/24,172.53,15650200.0
GOOG,07/30/24,171.24,13681400.0
GOOG,07/29/24,170.52,13768900.0
GOOG,07/26/24,168.08,25150100.0
GOOG,07/25/24,168.55,28967900.0
GOOG,07/24/24,173.75,31250700.0
GOOG,07/23/24,182.94,23772600.0
GOOG,07/22/24,182.69,16303900.0
GOOG,07/19/24,178.75,14485900.0
GOOG,07/18/24,178.58,17877200.0
GOOG,07/17/24,181.97,17376600.0
GOOG,07/16/24,184.84,12760100.0
GOOG,07/15/24,187.52,12186000.0
GOOG,07/12/24,186.11,14449100.0
GOOG,07/11/24,186.63,16452000.0
GOOG,07/10/24,191.97,12052900.0
GOOG,07/09/24,189.76,10198500.0
GOOG,07/08/24,189.8,12097600.0
GOOG,07/05/24,191.27,14303400.0
GOOG,07/03/24,186.72,7409100.0
GOOG,07/02/24,185.94,12555500.0
GOOG,07/01/24,183.83,11815900.0
GOOG,06/28/24,182.76,23032400.0
GOOG,06/27/24,186.19,13025700.0
GOOG,06/26/24,184.71,13375700.0
GOOG,06/25/24,184.92,18917700.0
GOOG,06/24/24,180.14,18198300.0
GOOG,06/21/24,179.61,59728000.0
GOOG,06/20/24,177.07,16753200.0
GOOG,06/18/24,175.82,15640300.0
GOOG,06/17/24,178.14,15272900.0
GOOG,06/14/24,177.73,12361600.0
GOOG,06/13/24,176.11,15956900.0
GOOG,06/12/24,178.92,18600400.0
GOOG,06/11/24,177.55,14402400.0
GOOG,06/10/24,176.0,17122200.0
GOOG,06/07/24,175.12,14716300.0
GOOG,06/06/24,177.51,14255800.0
GOOG,06/05/24,176.24,15233900.0
GOOG,06/04/24,174.3,14066600.0
GOOG,06/03/24,173.6,20742800.0
GOOG,05/31/24,173.14,28085200.0
GOOG,05/30/24,172.74,18844000.0
GOOG,05/29/24,176.56,15023800.0
GOOG,05/28/24,177.18,15655300.0
GOOG,05/24/24,175.5,11400600.0
GOOG,05/23/24,174.23,14928400.0
GOOG,05/22/24,177.16,16189400.0
GOOG,05/21/24,178.69,14706000.0
GOOG,05/20/24,177.62,17495100.0
GOOG,05/17/24,176.45,16546400.0
GOOG,05/16/24,174.6,17247300.0
GOOG,05/15/24,173.06,20958200.0
GOOG,05/14/24,171.12,18729500.0
GOOG,05/13/24,170.09,19648600.0
GOOG,05/10/24,169.49,18740500.0
GOOG,05/09/24,170.77,11937700.0
GOOG,05/08/24,170.35,14569900.0
GOOG,05/07/24,172.16,21102400.0
GOOG,05/06/24,169.03,15147900.0
GOOG,05/03/24,168.19,22767100.0
GOOG,05/02/24,167.67,17041100.0
GOOG,05/01/24,164.79,25223200.0
GOOG,04/30/24,163.86,29420800.0
GOOG,04/29/24,167.11,35914600.0
GOOG,04/26/24,172.87,56500800.0
GOOG,04/25/24,157.21,36197800.0
GOOG,04/24/24,160.34,19485700.0
GOOG,04/23/24,159.17,16115400.0
GOOG,04/22/24,157.21,17243900.0
GOOG,04/19/24,154.99,20063900.0
GOOG,04/18/24,156.72,14016100.0
GOOG,04/17/24,156.14,16237800.0
GOOG,04/16/24,155.26,15413200.0
GOOG,04/15/24,155.59,21140900.0
GOOG,04/12/24,158.44,16968200.0
GOOG,04/11/24,160.03,17841700.0
GOOG,04/10/24,156.92,16339200.0
GOOG,04/09/24,157.39,21538100.0
GOOG,04/08/24,155.4,16641500.0
GOOG,04/05/24,153.21,16289800.0
GOOG,04/04/24,151.22,24184800.0
GOOG,04/03/24,155.63,17266200.0
GOOG,04/02/24,155.14,17598100.0
GOOG,04/01/24,155.76,24469800.0
GOOG,03/28/24,151.54,21105600.0
GOOG,03/27/24,151.22,16622000.0
GOOG,03/26/24,150.98,19312700.0
GOOG,03/25/24,150.44,15114700.0
GOOG,03/22/24,151.05,19226300.0
GOOG,03/21/24,148.04,19843900.0
GOOG,03/20/24,148.97,17730000.0
GOOG,03/19/24,147.22,17748400.0
GOOG,03/18/24,147.78,47676700.0
GOOG,03/15/24,141.5,41025900.0
GOOG,03/14/24,143.66,36117900.0
GOOG,03/13/24,140.11,19637000.0
GOOG,03/12/24,138.96,19019700.0
GOOG,03/11/24,138.29,22536400.0
GOOG,03/08/24,135.65,26472400.0
GOOG,03/07/24,134.6,24107300.0
GOOG,03/06/24,131.94,23175200.0
GOOG,03/05/24,133.15,28447600.0
GOOG,03/04/24,133.57,43571500.0
GOOG,03/01/24,137.43,28522000.0
GOOG,02/29/24,139.12,35485000.0
GOOG,02/28/24,136.78,30628700.0
GOOG,02/27/24,139.44,22364000.0
GOOG,02/26/24,138.1,33513000.0
GOOG,02/23/24,144.61,14519400.0
GOOG,02/22/24,144.63,23024700.0
GOOG,02/21/24,143.16,16499600.0
GOOG,02/20/24,141.53,18625600.0
GOOG,02/16/24,141.09,21849700.0
GOOG,02/15/24,143.26,26724300.0
GOOG,02/14/24,146.45,16651800.0
GOOG,02/13/24,145.68,18138500.0
GOOG,02/12/24,148.03,17236100.0
GOOG,02/09/24,149.51,21877700.0
GOOG,02/08/24,146.53,18241300.0
GOOG,02/07/24,145.99,21436100.0
GOOG,02/06/24,144.72,21517700.0
GOOG,02/05/24,144.25,29254400.0
GOOG,02/02/24,142.86,42116900.0
GOOG,02/01/24,142.04,25526900.0
GOOG,01/31/24,141.13,43908600.0
GOOG,01/30/24,152.33,26578900.0
GOOG,01/29/24,154.11,20909300.0
GOOG,01/26/24,153.07,19494500.0
GOOG,01/25/24,152.92,21495100.0
GOOG,01/24/24,149.64,19245000.0
GOOG,01/23/24,147.98,14113600.0
GOOG,01/22/24,147.01,21829200.0
GOOG,01/19/24,147.27,27170900.0
GOOG,01/18/24,144.31,18876800.0
GOOG,01/17/24,142.22,17884500.0
GOOG,01/16/24,143.4,19198900.0
GOOG,01/12/24,143.56,13995200.0
GOOG,01/11/24,142.99,17471100.0
GOOG,01/10/24,143.12,16641900.0
GOOG,01/09/24,141.89,19579700.0
GOOG,01/08/24,139.87,17645300.0
GOOG,01/05/24,136.74,15433200.0
GOOG,01/04/24,137.39,18253300.0
GOOG,01/03/24,139.7,18974300.0
GOOG,01/02/24,138.9,20071900.0
TSLA,04/29/25,292.03,108906600.0
TSLA,04/28/25,285.88,151731800.0
TSLA,04/25/25,284.95,167560700.0
TSLA,04/24/25,259.51,94464200.0
TSLA,04/23/25,250.74,150381900.0
TSLA,04/22/25,237.97,120858500.0
TSLA,04/21/25,227.5,97768000.0
TSLA,04/17/25,241.37,83404800.0
TSLA,04/16/25,241.55,112378700.0
TSLA,04/15/25,254.11,79594300.0
TSLA,04/14/25,252.35,100135200.0
TSLA,04/11/25,252.31,128948100.0
TSLA,04/10/25,252.4,181722600.0
TSLA,04/09/25,272.2,219433400.0
TSLA,04/08/25,221.86,171603500.0
TSLA,04/07/25,233.29,183453800.0
TSLA,04/04/25,239.43,181229400.0
TSLA,04/03/25,267.28,136174300.0
TSLA,04/02/25,282.76,212787800.0
TSLA,04/01/25,268.46,146486900.0
TSLA,03/31/25,259.16,134008900.0
TSLA,03/28/25,263.55,123809400.0
TSLA,03/27/25,273.13,162572100.0
TSLA,03/26/25,272.06,153629800.0
TSLA,03/25/25,288.14,150361500.0
TSLA,03/24/25,278.39,169079900.0
TSLA,03/21/25,248.71,132728700.0
TSLA,03/20/25,236.26,99028300.0
TSLA,03/19/25,235.86,111993800.0
TSLA,03/18/25,225.31,111477600.0
TSLA,03/17/25,238.01,111900600.0
TSLA,03/14/25,249.98,100242300.0
TSLA,03/13/25,240.68,114813500.0
TSLA,03/12/25,248.09,142215700.0
TSLA,03/11/25,230.58,174896400.0
TSLA,03/10/25,222.15,189076900.0
TSLA,03/07/25,262.67,102369600.0
TSLA,03/06/25,263.45,98451600.0
TSLA,03/05/25,279.1,94042900.0
TSLA,03/04/25,272.04,126706600.0
TSLA,03/03/25,284.65,115551400.0
TSLA,02/28/25,292.98,115697000.0
TSLA,02/27/25,281.95,101748200.0
TSLA,02/26/25,290.8,100118300.0
TSLA,02/25/25,302.8,134228800.0
TSLA,02/24/25,330.53,76052300.0
TSLA,02/21/25,337.8,74058600.0
TSLA,02/20/25,354.4,45965400.0
TSLA,02/19/25,360.56,67094400.0
TSLA,02/18/25,354.11,51631700.0
TSLA,02/14/25,355.84,68277300.0
TSLA,02/13/25,355.94,89441500.0
TSLA,02/12/25,336.51,105382700.0
TSLA,02/11/25,328.5,118543400.0
TSLA,02/10/25,350.73,77514900.0
TSLA,02/07/25,361.62,70298300.0
TSLA,02/06/25,374.32,77918200.0
TSLA,02/05/25,378.17,57223300.0
TSLA,02/04/25,392.21,57072200.0
TSLA,02/03/25,383.68,93732100.0
TSLA,01/31/25,404.6,83568200.0
TSLA,01/30/25,400.28,98092900.0
TSLA,01/29/25,389.1,68033600.0
TSLA,01/28/25,398.09,48910700.0
TSLA,01/27/25,397.15,58125500.0
TSLA,01/24/25,406.58,56427100.0
TSLA,01/23/25,412.38,50690600.0
TSLA,01/22/25,415.11,60963300.0
TSLA,01/21/25,424.07,87320900.0
TSLA,01/17/25,426.5,94991400.0
TSLA,01/16/25,413.82,68335200.0
TSLA,01/15/25,428.22,81375500.0
TSLA,01/14/25,396.36,84565000.0
TSLA,01/13/25,403.31,67580500.0
TSLA,01/10/25,394.74,62287300.0
TSLA,01/08/25,394.94,73038800.0
TSLA,01/07/25,394.36,75699500.0
TSLA,01/06/25,411.05,85516500.0
TSLA,01/03/25,410.44,95423300.0
TSLA,01/02/25,379.28,109710700.0
TSLA,12/31/24,403.84,76825100.0
TSLA,12/30/24,417.41,64941000.0
TSLA,12/27/24,431.66,82666800.0
TSLA,12/26/24,454.13,76366400.0
TSLA,12/24/24,462.28,59551800.0
TSLA,12/23/24,430.6,72698100.0
TSLA,12/20/24,421.06,132216200.0
TSLA,12/19/24,436.17,118566100.0
TSLA,12/18/24,440.13,149340800.0
TSLA,12/17/24,479.86,131223000.0
TSLA,12/16/24,463.02,114083800.0
TSLA,12/13/24,436.23,89000200.0
TSLA,12/12/24,418.1,87752200.0
TSLA,12/11/24,424.77,104287600.0
TSLA,12/10/24,400.99,97563600.0
TSLA,12/09/24,389.79,96359200.0
TSLA,12/06/24,389.22,81455800.0
TSLA,12/05/24,369.49,81403600.0
TSLA,12/04/24,357.93,50810900.0
TSLA,12/03/24,351.42,58267200.0
TSLA,12/02/24,357.09,77986500.0
TSLA,11/29/24,345.16,37167600.0
TSLA,11/27/24,332.89,57896400.0
TSLA,11/26/24,338.23,62295900.0
TSLA,11/25/24,338.59,95890900.0
TSLA,11/22/24,352.56,89140700.0
TSLA,11/21/24,339.64,58011700.0
TSLA,11/20/24,342.03,66340700.0
TSLA,11/19/24,346.0,88852500.0
TSLA,11/18/24,338.74,126547500.0
TSLA,11/15/24,320.72,114440300.0
TSLA,11/14/24,311.18,120726100.0
TSLA,11/13/24,330.24,125405600.0
TSLA,11/12/24,328.49,155726000.0
TSLA,11/11/24,350.0,210521600.0
TSLA,11/08/24,321.22,204782800.0
TSLA,11/07/24,296.91,117309200.0
TSLA,11/06/24,288.53,165228700.0
TSLA,11/05/24,251.44,69282500.0
TSLA,11/04/24,242.84,68802400.0
TSLA,11/01/24,248.98,57544800.0
TSLA,10/31/24,249.85,66575300.0
TSLA,10/30/24,257.55,53993600.0
TSLA,10/29/24,259.52,80521800.0
TSLA,10/28/24,262.51,107653600.0
TSLA,10/25/24,269.19,161611900.0
TSLA,10/24/24,260.48,204491900.0
TSLA,10/23/24,213.65,80938900.0
TSLA,10/22/24,217.97,43268700.0
TSLA,10/21/24,218.85,47329000.0
TSLA,10/18/24,220.7,49611900.0
TSLA,10/17/24,220.89,50791800.0
TSLA,10/16/24,221.33,49632800.0
TSLA,10/15/24,219.57,62988800.0
TSLA,10/14/24,219.16,86291900.0
TSLA,10/11/24,217.8,142628900.0
TSLA,10/10/24,238.77,83087100.0
TSLA,10/09/24,241.05,66289500.0
TSLA,10/08/24,244.5,56303200.0
TSLA,10/07/24,240.83,68113300.0
TSLA,10/04/24,250.08,86573200.0
TSLA,10/03/24,240.66,80729200.0
TSLA,10/02/24,249.02,93983900.0
TSLA,10/01/24,258.02,87397600.0
TSLA,09/30/24,261.63,80705700.0
TSLA,09/27/24,260.46,70988100.0
TSLA,09/26/24,254.22,67142200.0
TSLA,09/25/24,257.02,65034300.0
TSLA,09/24/24,254.27,88491000.0
TSLA,09/23/24,250.0,86927200.0
TSLA,09/20/24,238.25,99879100.0
TSLA,09/19/24,243.92,102694600.0
TSLA,09/18/24,227.2,78010200.0
TSLA,09/17/24,227.87,66761600.0
TSLA,09/16/24,226.78,54323000.0
TSLA,09/13/24,230.29,59515100.0
TSLA,09/12/24,229.81,72020000.0
TSLA,09/11/24,228.13,83548600.0
TSLA,09/10/24,226.17,78891100.0
TSLA,09/09/24,216.27,67443500.0
TSLA,09/06/24,210.73,112177000.0
TSLA,09/05/24,230.17,119355000.0
TSLA,09/04/24,219.41,80651800.0
TSLA,09/03/24,210.6,76714200.0
TSLA,08/30/24,214.11,63370600.0
TSLA,08/29/24,206.28,62308800.0
TSLA,08/28/24,205.75,64116400.0
TSLA,08/27/24,209.21,62821400.0
TSLA,08/26/24,213.21,59301200.0
TSLA,08/23/24,220.32,81525200.0
TSLA,08/22/24,210.66,79514500.0
TSLA,08/21/24,223.27,70146000.0
TSLA,08/20/24,221.1,74001200.0
TSLA,08/19/24,222.72,76435200.0
TSLA,08/16/24,216.12,88765100.0
TSLA,08/15/24,214.14,89848500.0
TSLA,08/14/24,201.38,70250000.0
TSLA,08/13/24,207.83,76247400.0
TSLA,08/12/24,197.49,64044900.0
TSLA,08/09/24,200.0,58648300.0
TSLA,08/08/24,198.84,65033900.0
TSLA,08/07/24,191.76,71159800.0
TSLA,08/06/24,200.64,73783900.0
TSLA,08/05/24,198.88,100308800.0
TSLA,08/02/24,207.67,82880100.0
TSLA,08/01/24,216.86,83861900.0
TSLA,07/31/24,232.07,67497000.0
TSLA,07/30/24,222.62,100560300.0
TSLA,07/29/24,232.1,129201800.0
TSLA,07/26/24,219.8,94604100.0
TSLA,07/25/24,220.25,100636500.0
TSLA,07/24/24,215.99,167942900.0
TSLA,07/23/24,246.38,111928200.0
TSLA,07/22/24,251.51,101225400.0
TSLA,07/19/24,239.2,87403900.0
TSLA,07/18/24,249.23,110869000.0
TSLA,07/17/24,248.5,115584800.0
TSLA,07/16/24,256.56,126332500.0
TSLA,07/15/24,252.64,146912900.0
TSLA,07/12/24,248.23,155955800.0
TSLA,07/11/24,241.03,221707300.0
TSLA,07/10/24,263.26,128519400.0
TSLA,07/09/24,262.33,160210900.0
TSLA,07/08/24,252.94,157219600.0
TSLA,07/05/24,251.52,154501200.0
TSLA,07/03/24,246.39,166561500.0
TSLA,07/02/24,231.26,205047900.0
TSLA,07/01/24,209.86,135691400.0
TSLA,06/28/24,197.88,95438100.0
TSLA,06/27/24,197.42,72746500.0
TSLA,06/26/24,196.37,95737100.0
TSLA,06/25/24,187.35,63678300.0
TSLA,06/24/24,182.58,61992100.0
TSLA,06/21/24,183.01,63029500.0
TSLA,06/20/24,181.57,55893100.0
TSLA,06/18/24,184.86,68982300.0
TSLA,06/17/24,187.44,109786100.0
TSLA,06/14/24,178.01,82038200.0
TSLA,06/13/24,182.47,118984100.0
TSLA,06/12/24,177.29,90389400.0
TSLA,06/11/24,170.66,64761900.0
TSLA,06/10/24,173.79,50869700.0
TSLA,06/07/24,177.48,56244900.0
TSLA,06/06/24,177.94,69887000.0
TSLA,06/05/24,175.0,57953800.0
TSLA,06/04/24,174.77,60056300.0
TSLA,06/03/24,176.29,68568900.0
TSLA,05/31/24,178.08,67314600.0
TSLA,05/30/24,178.79,77784800.0
TSLA,05/29/24,176.19,54782600.0
TSLA,05/28/24,176.75,59736600.0
TSLA,05/24/24,179.24,65479700.0
TSLA,05/23/24,173.74,71975500.0
TSLA,05/22/24,180.11,88313500.0
TSLA,05/21/24,186.6,115266500.0
TSLA,05/20/24,174.95,61727400.0
TSLA,05/17/24,177.46,77445800.0
TSLA,05/16/24,174.84,59812200.0
TSLA,05/15/24,173.99,79663000.0
TSLA,05/14/24,177.55,86407400.0
TSLA,05/13/24,171.89,67018900.0
TSLA,05/10/24,168.47,72627200.0
TSLA,05/09/24,171.97,65950300.0
TSLA,05/08/24,174.72,79969500.0
TSLA,05/07/24,177.81,75045900.0
TSLA,05/06/24,184.76,84390300.0
TSLA,05/03/24,181.19,75491500.0
TSLA,05/02/24,180.01,89148000.0
TSLA,05/01/24,179.99,92829700.0
TSLA,04/30/24,183.28,127031800.0
TSLA,04/29/24,194.05,243869700.0
TSLA,04/26/24,168.29,109815700.0
TSLA,04/25/24,170.18,126427500.0
TSLA,04/24/24,162.13,181178000.0
TSLA,04/23/24,144.68,124545100.0
TSLA,04/22/24,142.05,107097600.0
TSLA,04/19/24,147.05,86005100.0
TSLA,04/18/24,149.93,96098800.0
TSLA,04/17/24,155.45,82439700.0
TSLA,04/16/24,157.11,97000000.0
TSLA,04/15/24,161.48,100245300.0
TSLA,04/12/24,171.05,64506600.0
TSLA,04/11/24,174.6,94516000.0
TSLA,04/10/24,171.76,84532400.0
TSLA,04/09/24,176.88,103232700.0
TSLA,04/08/24,172.98,104423300.0
TSLA,04/05/24,164.9,141250700.0
TSLA,04/04/24,171.11,123162000.0
TSLA,04/03/24,168.38,82950100.0
TSLA,04/02/24,166.63,116650600.0
TSLA,04/01/24,175.22,81562100.0
TSLA,03/28/24,175.79,77654800.0
TSLA,03/27/24,179.83,81804000.0
TSLA,03/26/24,177.67,113186200.0
TSLA,03/25/24,172.63,74228600.0
TSLA,03/22/24,170.83,75454700.0
TSLA,03/21/24,172.82,73178000.0
TSLA,03/20/24,175.66,83846700.0
TSLA,03/19/24,171.32,77271400.0
TSLA,03/18/24,173.8,108214400.0
TSLA,03/15/24,163.57,96971900.0
TSLA,03/14/24,162.5,126325700.0
TSLA,03/13/24,169.48,106524500.0
TSLA,03/12/24,177.54,87391700.0
TSLA,03/11/24,177.77,85391500.0
TSLA,03/08/24,175.34,85315300.0
TSLA,03/07/24,178.65,102129000.0
TSLA,03/06/24,176.54,107920900.0
TSLA,03/05/24,180.74,119660800.0
TSLA,03/04/24,188.14,134334900.0
TSLA,03/01/24,202.64,82099200.0
TSLA,02/29/24,201.88,85907000.0
TSLA,02/28/24,202.04,99806200.0
TSLA,02/27/24,199.73,108645400.0
TSLA,02/26/24,199.4,111747100.0
TSLA,02/23/24,191.97,78841900.0
TSLA,02/22/24,197.41,92739500.0
TSLA,02/21/24,194.77,103844000.0
TSLA,02/20/24,193.76,104545800.0
TSLA,02/16/24,199.95,111173600.0
TSLA,02/15/24,200.45,120831800.0
TSLA,02/14/24,188.71,81203000.0
TSLA,02/13/24,184.02,86759500.0
TSLA,02/12/24,188.13,95498600.0
TSLA,02/09/24,193.57,84476300.0
TSLA,02/08/24,189.56,83034000.0
TSLA,02/07/24,187.58,111535200.0
TSLA,02/06/24,185.1,122676000.0
TSLA,02/05/24,181.06,134294400.0
TSLA,02/02/24,187.91,110505100.0
TSLA,02/01/24,188.86,91843300.0
TSLA,01/31/24,187.29,103221400.0
TSLA,01/30/24,191.59,109982300.0
TSLA,01/29/24,190.93,125013100.0
TSLA,01/26/24,183.25,107343200.0
TSLA,01/25/24,182.63,198076800.0
TSLA,01/24/24,207.83,123369900.0
TSLA,01/23/24,209.14,106605900.0
TSLA,01/22/24,208.8,117952500.0
TSLA,01/19/24,212.19,102095800.0
TSLA,01/18/24,211.88,108595400.0
TSLA,01/17/24,215.55,103164400.0
TSLA,01/16/24,219.91,115355000.0
TSLA,01/12/24,218.89,122889000.0
TSLA,01/11/24,227.22,105873600.0
TSLA,01/10/24,233.94,91628500.0
TSLA,01/09/24,234.96,96705700.0
TSLA,01/08/24,240.45,85166600.0
TSLA,01/05/24,237.49,92379400.0
TSLA,01/04/24,237.93,102629300.0
TSLA,01/03/24,238.45,121082600.0
TSLA,01/02/24,248.42,104654200.0
META,04/29/25,554.44,11835000.0
META,04/28/25,549.74,15179000.0
META,04/25/25,547.27,17098900.0
META,04/24/25,533.15,13910000.0
META,04/23/25,520.27,18173900.0
META,04/22/25,500.28,17399400.0
META,04/21/25,484.66,16166000.0
META,04/17/25,501.48,14593500.0
META,04/16/25,502.31,18735100.0
META,04/15/25,521.52,15558700.0
META,04/14/25,531.48,14130900.0
META,04/11/25,543.57,17642300.0
META,04/10/25,546.29,28173500.0
META,04/09/25,585.77,39216600.0
META,04/08/25,510.45,28034200.0
META,04/07/25,516.25,36606100.0
META,04/04/25,504.73,38589800.0
META,04/03/25,531.62,34777500.0
META,04/02/25,583.93,13470800.0
META,04/01/25,586.0,12836600.0
META,03/31/25,576.36,21124700.0
META,03/28/25,576.74,17602800.0
META,03/27/25,602.58,10436500.0
META,03/26/25,610.98,12609800.0
META,03/25/25,626.31,15312500.0
META,03/24/25,618.85,15741300.0
META,03/21/25,596.25,25015900.0
META,03/20/25,586.0,24336500.0
META,03/19/25,584.06,20537500.0
META,03/18/25,582.36,20297700.0
META,03/17/25,604.9,15473900.0
META,03/14/25,607.6,12364500.0
META,03/13/25,590.11,16480300.0
META,03/12/25,619.01,15747000.0
META,03/11/25,605.17,17401500.0
META,03/10/25,597.46,21999900.0
META,03/07/25,625.1,21375700.0
META,03/06/25,627.37,13446500.0
META,03/05/25,655.89,13770000.0
META,03/04/25,639.43,21495200.0
META,03/03/25,654.47,10843800.0
META,02/28/25,667.61,17534200.0
META,02/27/25,657.65,12500000.0
META,02/26/25,673.1,14488700.0
META,02/25/25,656.92,20579700.0
META,02/24/25,667.54,15677000.0
META,02/21/25,682.94,15660400.0
META,02/20/25,694.22,12587400.0
META,02/19/25,703.14,17535500.0
META,02/18/25,715.73,21938700.0
META,02/14/25,736.02,16901200.0
META,02/13/25,727.91,12569100.0
META,02/12/25,724.74,12016500.0
META,02/11/25,719.16,12998000.0
META,02/10/25,716.76,12904300.0
META,02/07/25,713.88,16427100.0
META,02/06/25,711.36,13080700.0
META,02/05/25,704.24,17778200.0
META,02/04/25,703.56,13826300.0
META,02/03/25,696.84,21415700.0
META,01/31/25,688.57,19331700.0
META,01/30/25,686.39,29322900.0
META,01/29/25,675.89,21377800.0
META,01/28/25,673.73,20950100.0
META,01/27/25,659.29,28399200.0
META,01/24/25,646.91,19065300.0
META,01/23/25,635.88,9910200.0
META,01/22/25,622.95,12274000.0
META,01/21/25,615.91,11674000.0
META,01/17/25,612.23,17280600.0
META,01/16/25,610.76,8355300.0
META,01/15/25,616.57,15524300.0
META,01/14/25,593.72,13598000.0
META,01/13/25,607.79,10785000.0
META,01/10/25,615.31,19256600.0
META,01/08/25,610.18,10085800.0
META,01/07/25,617.34,12071500.0
META,01/06/25,629.64,14560800.0
META,01/03/25,604.09,11436800.0
META,01/02/25,598.71,12682300.0
META,12/31/24,584.99,6019500.0
META,12/30/24,590.71,7025900.0
META,12/27/24,599.28,8084200.0
META,12/26/24,602.81,6081400.0
META,12/24/24,607.21,4726100.0
META,12/23/24,599.32,10205800.0
META,12/20/24,584.73,48989400.0
META,12/19/24,595.04,14958100.0
META,12/18/24,596.66,17075500.0
META,12/17/24,618.89,12897800.0
META,12/16/24,623.69,10885600.0
META,12/13/24,619.3,8453300.0
META,12/12/24,629.72,7474700.0
META,12/11/24,631.61,10837200.0
META,12/10/24,618.27,10938900.0
META,12/09/24,612.53,11426000.0
META,12/06/24,622.71,16935500.0
META,12/05/24,607.9,8081200.0
META,12/04/24,612.74,14697000.0
META,12/03/24,612.61,14907200.0
META,12/02/24,591.83,12522400.0
META,11/29/24,573.35,7130500.0
META,11/27/24,568.24,7200200.0
META,11/26/24,572.57,10356600.0
META,11/25/24,564.15,13599800.0
META,11/22/24,558.19,9164000.0
META,11/21/24,562.14,11154700.0
META,11/20/24,564.56,9797300.0
META,11/19/24,560.14,9522400.0
META,11/18/24,553.46,14346700.0
META,11/15/24,553.14,17712900.0
META,11/14/24,576.18,11053700.0
META,11/13/24,579.02,10757600.0
META,11/12/24,583.83,16287700.0
META,11/11/24,582.18,10209100.0
META,11/08/24,588.34,9415700.0
META,11/07/24,590.7,14653700.0
META,11/06/24,571.08,18305400.0
META,11/05/24,571.46,9775400.0
META,11/04/24,559.73,12064600.0
META,11/01/24,566.2,15303200.0
META,10/31/24,566.62,26838400.0
META,10/30/24,590.8,26864900.0
META,10/29/24,592.27,13019100.0
META,10/28/24,577.18,10925100.0
META,10/25/24,572.28,11337900.0
META,10/24/24,566.82,7184700.0
META,10/23/24,562.74,14248400.0
META,10/22/24,581.02,8544500.0
META,10/21/24,574.19,8171900.0
META,10/18/24,575.49,7694300.0
META,10/17/24,575.95,8701200.0
META,10/16/24,575.81,11268400.0
META,10/15/24,585.28,9564200.0
META,10/14/24,589.42,8252000.0
META,10/11/24,588.95,8587100.0
META,10/10/24,582.84,7740400.0
META,10/09/24,589.51,9529700.0
META,10/08/24,591.89,7857400.0
META,10/07/24,583.79,12014200.0
META,10/04/24,594.93,14169500.0
META,10/03/24,581.78,11581000.0
META,10/02/24,571.84,6524700.0
META,10/01/24,575.49,15259300.0
META,09/30/24,571.47,12792300.0
META,09/27/24,566.4,9398400.0
META,09/26/24,566.88,14400800.0
META,09/25/24,567.35,16543400.0
META,09/24/24,562.38,12993000.0
META,09/23/24,563.45,12830700.0
META,09/20/24,560.4,22066800.0
META,09/19/24,558.15,15647000.0
META,09/18/24,537.04,10323500.0
META,09/17/24,535.41,11690800.0
META,09/16/24,532.38,9527600.0
META,09/13/24,523.23,10321400.0
META,09/12/24,524.21,11993300.0
META,09/11/24,510.48,10782500.0
META,09/10/24,503.45,9899000.0
META,09/09/24,503.45,11047800.0
META,09/06/24,498.95,14744500.0
META,09/05/24,515.49,8640900.0
META,09/04/24,511.38,8335200.0
META,09/03/24,510.41,12459100.0
META,08/30/24,519.93,9157500.0
META,08/29/24,516.85,8317400.0
META,08/28/24,515.41,9106100.0
META,08/27/24,517.73,6282700.0
META,08/26/24,519.74,9584000.0
META,08/23/24,526.6,11323900.0
META,08/22/24,530.52,15708300.0
META,08/21/24,533.74,13423300.0
META,08/20/24,525.34,7944400.0
META,08/19/24,527.88,9879700.0
META,08/16/24,526.02,14776700.0
META,08/15/24,535.91,13482100.0
META,08/14/24,525.37,11444200.0
META,08/13/24,527.14,13743800.0
META,08/12/24,514.58,9767400.0
META,08/09/24,516.4,13696600.0
META,08/08/24,508.28,16156800.0
META,08/07/24,487.63,20105300.0
META,08/06/24,492.78,20955000.0
META,08/05/24,474.47,21396200.0
META,08/02/24,486.85,24044700.0
META,08/01/24,496.42,43083100.0
META,07/31/24,473.57,24285800.0
META,07/30/24,461.96,11390400.0
META,07/29/24,464.48,11339600.0
META,07/26/24,464.47,14222400.0
META,07/25/24,452.21,18240500.0
META,07/24/24,460.05,17649700.0
META,07/23/24,487.4,9455500.0
META,07/22/24,486.11,12023100.0
META,07/19/24,475.53,15149400.0
META,07/18/24,474.59,19267200.0
META,07/17/24,460.77,28076600.0
META,07/16/24,488.49,14075800.0
META,07/15/24,494.85,12539200.0
META,07/12/24,497.55,19750500.0
META,07/11/24,511.34,16458300.0
META,07/10/24,533.28,10983300.0
META,07/09/24,528.6,8753200.0
META,07/08/24,527.92,14917500.0
META,07/05/24,538.48,21354100.0
META,07/03/24,508.61,6005600.0
META,07/02/24,508.15,7739500.0
META,07/01/24,503.34,10328200.0
META,06/28/24,502.89,15855100.0
META,06/27/24,518.19,10121200.0
META,06/26/24,511.76,8882300.0
META,06/25/24,509.25,12109800.0
META,06/24/24,497.59,13525300.0
META,06/21/24,493.47,23130700.0
META,06/20/24,500.37,11801200.0
META,06/18/24,498.17,13060400.0
META,06/17/24,505.29,11266600.0
META,06/14/24,502.83,10243300.0
META,06/13/24,502.27,9954600.0
META,06/12/24,506.99,11983200.0
META,06/11/24,505.63,9673700.0
META,06/10/24,500.77,11236900.0
META,06/07/24,491.17,9380700.0
META,06/06/24,491.97,10667300.0
META,06/05/24,493.26,15690500.0
META,06/04/24,475.26,7088700.0
META,06/03/24,475.75,11279400.0
META,05/31/24,465.13,16919800.0
META,05/30/24,465.35,10735200.0
META,05/29/24,472.64,9226200.0
META,05/28/24,478.18,10175800.0
META,05/24/24,476.48,12012300.0
META,05/23/24,464.09,11747900.0
META,05/22/24,466.08,10078600.0
META,05/21/24,462.94,11742200.0
META,05/20/24,467.14,11745100.0
META,05/17/24,470.19,10807300.0
META,05/16/24,471.51,16608200.0
META,05/15/24,479.79,13100500.0
META,05/14/24,470.13,10478600.0
META,05/13/24,466.31,14668800.0
META,05/10/24,474.47,10750000.0
META,05/09/24,473.69,9437700.0
META,05/08/24,470.88,11683900.0
META,05/07/24,466.54,13406800.0
META,05/06/24,463.99,15094600.0
META,05/03/24,450.32,16489100.0
META,05/02/24,440.07,15221300.0
META,05/01/24,437.59,20344900.0
META,04/30/24,428.61,18429500.0
META,04/29/24,431.05,21502600.0
META,04/26/24,441.68,32691400.0
META,04/25/24,439.78,82890700.0
META,04/24/24,491.71,37772700.0
META,04/23/24,494.3,15079200.0
META,04/22/24,479.98,17271100.0
META,04/19/24,479.32,25111000.0
META,04/18/24,499.98,14808700.0
META,04/17/24,492.37,12193700.0
META,04/16/24,497.94,9847900.0
META,04/15/24,498.41,13512900.0
META,04/12/24,510.04,11944900.0
META,04/11/24,521.26,10369500.0
META,04/10/24,517.94,11418500.0
META,04/09/24,515.02,10881400.0
META,04/08/24,517.36,13260600.0
META,04/05/24,525.42,19242000.0
META,04/04/24,509.06,26476300.0
META,04/03/24,504.9,12099200.0
META,04/02/24,495.56,11081000.0
META,04/01/24,489.56,9247000.0
META,03/28/24,483.82,15212800.0
META,03/27/24,492.06,9989700.0
META,03/26/24,494.09,11205400.0
META,03/25/24,501.19,8380600.0
META,03/22/24,507.73,8117000.0
META,03/21/24,505.91,9712500.0
META,03/20/24,503.68,11711100.0
META,03/19/24,494.44,10903100.0
META,03/18/24,495.17,11755300.0
META,03/15/24,482.34,29141700.0
META,03/14/24,490.04,12620000.0
META,03/13/24,493.77,12090700.0
META,03/12/24,497.93,15448200.0
META,03/11/24,481.83,20428300.0
META,03/08/24,504.11,18575200.0
META,03/07/24,510.33,18586400.0
META,03/06/24,494.29,11757900.0
META,03/05/24,488.44,15325300.0
META,03/04/24,496.38,12324100.0
META,03/01/24,500.47,16273600.0
META,02/29/24,488.35,17732000.0
META,02/28/24,482.26,12715500.0
META,02/27/24,485.28,10809600.0
META,02/26/24,479.99,12101400.0
META,02/23/24,482.27,18374300.0
META,02/22/24,484.36,21625800.0
META,02/21/24,466.33,12977100.0
META,02/20/24,469.54,18015500.0
META,02/16/24,471.1,23306500.0
META,02/15/24,481.76,24212300.0
META,02/14/24,471.06,16858400.0
META,02/13/24,457.96,20916600.0
META,02/12/24,466.7,19382000.0
META,02/09/24,465.91,18413100.0
META,02/08/24,467.8,18815100.0
META,02/07/24,467.39,23066000.0
META,02/06/24,452.59,21655200.0
META,02/05/24,457.25,40832400.0
META,02/02/24,472.76,84615500.0
META,02/01/24,392.93,29727100.0
META,01/31/24,388.31,20180800.0
META,01/30/24,398.18,18614700.0
META,01/29/24,399.14,18742400.0
META,01/26/24,392.29,13163700.0
META,01/25/24,391.34,15091100.0
META,01/24/24,388.87,15698500.0
META,01/23/24,383.39,15506100.0
META,01/22/24,379.99,17680500.0
META,01/19/24,381.65,21470100.0
META,01/18/24,374.37,16354300.0
META,01/17/24,366.64,12724800.0
META,01/16/24,365.74,15306900.0
META,01/12/24,372.73,19295700.0
META,01/11/24,367.94,17205400.0
META,01/10/24,368.73,22117200.0
META,01/09/24,355.75,13463900.0
META,01/08/24,356.98,13890200.0
META,01/05/24,350.3,13920700.0
META,01/04/24,345.49,12099900.0
META,01/03/24,342.85,15451100.0
META,01/02/24,344.67,19042200.0
NVDA,04/29/25,109.02,170444300.0
NVDA,04/28/25,108.73,207708500.0
NVDA,04/25/25,111.01,251064700.0
NVDA,04/24/25,106.43,220815000.0
NVDA,04/23/25,102.71,247526000.0
NVDA,04/22/25,98.89,241004800.0
NVDA,04/21/25,96.91,288501100.0
NVDA,04/17/25,101.49,290833400.0
NVDA,04/16/25,104.49,397016900.0
NVDA,04/15/25,112.2,228966900.0
NVDA,04/14/25,110.71,264705000.0
NVDA,04/11/25,110.93,313417300.0
NVDA,04/10/25,107.57,437812400.0
NVDA,04/09/25,114.33,612918300.0
NVDA,04/08/25,96.3,476243400.0
NVDA,04/07/25,97.64,611041300.0
NVDA,04/04/25,94.31,532273800.0
NVDA,04/03/25,101.8,338769400.0
NVDA,04/02/25,110.42,220601200.0
NVDA,04/01/25,110.15,222614000.0
NVDA,03/31/25,108.38,299212700.0
NVDA,03/28/25,109.67,229872500.0
NVDA,03/27/25,111.43,236902100.0
NVDA,03/26/25,113.76,293463300.0
NVDA,03/25/25,120.69,167447200.0
NVDA,03/24/25,121.41,228452500.0
NVDA,03/21/25,117.7,266498500.0
NVDA,03/20/25,118.53,248829700.0
NVDA,03/19/25,117.52,273426200.0
NVDA,03/18/25,115.43,299686900.0
NVDA,03/17/25,119.53,255501500.0
NVDA,03/14/25,121.67,277593500.0
NVDA,03/13/25,115.58,299033100.0
NVDA,03/12/25,115.74,323857500.0
NVDA,03/11/25,108.75,354865700.0
NVDA,03/10/25,106.97,366487400.0
NVDA,03/07/25,112.68,341755500.0
NVDA,03/06/25,110.56,321181900.0
NVDA,03/05/25,117.29,284337900.0
NVDA,03/04/25,115.98,398163300.0
NVDA,03/03/25,114.05,411381400.0
NVDA,02/28/25,124.91,389091100.0
NVDA,02/27/25,120.14,443175800.0
NVDA,02/26/25,131.27,322553800.0
NVDA,02/25/25,126.62,271428700.0
NVDA,02/24/25,130.27,251381100.0
NVDA,02/21/25,134.42,228217600.0
NVDA,02/20/25,140.1,143903600.0
NVDA,02/19/25,139.22,167536000.0
NVDA,02/18/25,139.39,219176600.0
NVDA,02/14/25,138.84,195479600.0
NVDA,02/13/25,135.28,197430000.0
NVDA,02/12/25,131.13,160278600.0
NVDA,02/11/25,132.79,178902400.0
NVDA,02/10/25,133.56,216989100.0
NVDA,02/07/25,129.83,228186300.0
NVDA,02/06/25,128.67,251483600.0
NVDA,02/05/25,124.82,262230800.0
NVDA,02/04/25,118.64,256550000.0
NVDA,02/03/25,116.65,371235700.0
NVDA,01/31/25,120.06,390372900.0
NVDA,01/30/25,124.64,392925500.0
NVDA,01/29/25,123.69,467120600.0
NVDA,01/28/25,128.98,579666400.0
NVDA,01/27/25,118.41,818830900.0
NVDA,01/24/25,142.61,234657600.0
NVDA,01/23/25,147.21,155915500.0
NVDA,01/22/25,147.06,237651400.0
NVDA,01/21/25,140.82,197749000.0
NVDA,01/17/25,137.7,201188800.0
NVDA,01/16/25,133.56,209235600.0
NVDA,01/15/25,136.23,185217300.0
NVDA,01/14/25,131.75,195590500.0
NVDA,01/13/25,133.22,204808900.0
NVDA,01/10/25,135.9,207602500.0
NVDA,01/08/25,140.1,227349900.0
NVDA,01/07/25,140.13,351782200.0
NVDA,01/06/25,149.42,265377400.0
NVDA,01/03/25,144.46,229322500.0
NVDA,01/02/25,138.3,198247200.0
NVDA,12/31/24,134.28,155659200.0
NVDA,12/30/24,137.48,167734700.0
NVDA,12/27/24,137.0,170582600.0
NVDA,12/26/24,139.92,116205600.0
NVDA,12/24/24,140.21,105157000.0
NVDA,12/23/24,139.66,176053500.0
NVDA,12/20/24,134.69,306528600.0
NVDA,12/19/24,130.67,209719200.0
NVDA,12/18/24,128.9,277444500.0
NVDA,12/17/24,130.38,259410300.0
NVDA,12/16/24,131.99,237951100.0
NVDA,12/13/24,134.24,231514900.0
NVDA,12/12/24,137.33,159211400.0
NVDA,12/11/24,139.3,184905200.0
NVDA,12/10/24,135.06,210020900.0
NVDA,12/09/24,138.8,189308600.0
NVDA,12/06/24,142.43,188505600.0
NVDA,12/05/24,145.05,172621200.0
NVDA,12/04/24,145.12,231224300.0
NVDA,12/03/24,140.24,164414000.0
NVDA,12/02/24,138.61,171682800.0
NVDA,11/29/24,138.23,141863200.0
NVDA,11/27/24,135.32,226370900.0
NVDA,11/26/24,136.9,190287700.0
NVDA,11/25/24,136.0,344941900.0
NVDA,11/22/24,141.93,236406200.0
NVDA,11/21/24,146.65,400946600.0
NVDA,11/20/24,145.87,309871700.0
NVDA,11/19/24,146.99,227834900.0
NVDA,11/18/24,140.13,221866000.0
NVDA,11/15/24,141.96,250132900.0
NVDA,11/14/24,146.74,194463300.0
NVDA,11/13/24,146.25,191903300.0
NVDA,11/12/24,148.27,198634700.0
NVDA,11/11/24,145.24,182325600.0
NVDA,11/08/24,147.61,175665800.0
NVDA,11/07/24,148.86,207323300.0
NVDA,11/06/24,145.59,242043900.0
NVDA,11/05/24,139.89,160537400.0
NVDA,11/04/24,136.03,187528200.0
NVDA,11/01/24,135.38,207127800.0
NVDA,10/31/24,132.74,270039600.0
NVDA,10/30/24,139.32,179418100.0
NVDA,10/29/24,141.23,157593600.0
NVDA,10/28/24,140.5,173586700.0
NVDA,10/25/24,141.52,205122100.0
NVDA,10/24/24,140.39,172354900.0
NVDA,10/23/24,139.54,285930000.0
NVDA,10/22/24,143.57,226311600.0
NVDA,10/21/24,143.69,264554500.0
NVDA,10/18/24,137.98,176090200.0
NVDA,10/17/24,136.91,306435900.0
NVDA,10/16/24,135.7,264879700.0
NVDA,10/15/24,131.58,377831000.0
NVDA,10/14/24,138.05,232347700.0
NVDA,10/11/24,134.78,170209500.0
NVDA,10/10/24,134.79,242311300.0
NVDA,10/09/24,132.63,246191600.0
NVDA,10/08/24,132.87,285722500.0
NVDA,10/07/24,127.7,346250200.0
NVDA,10/04/24,124.9,243678100.0
NVDA,10/03/24,122.83,277118000.0
NVDA,10/02/24,118.83,221845900.0
NVDA,10/01/24,116.98,302094500.0
NVDA,09/30/24,121.42,226553700.0
NVDA,09/27/24,121.38,271009200.0
NVDA,09/26/24,124.02,302582900.0
NVDA,09/25/24,123.49,284692900.0
NVDA,09/24/24,120.85,354966800.0
NVDA,09/23/24,116.24,206228500.0
NVDA,09/20/24,115.98,382462400.0
NVDA,09/19/24,117.85,293506400.0
NVDA,09/18/24,113.35,310318900.0
NVDA,09/17/24,115.57,231925900.0
NVDA,09/16/24,116.76,248772300.0
NVDA,09/13/24,119.08,238358300.0
NVDA,09/12/24,119.12,367100500.0
NVDA,09/11/24,116.88,441422400.0
NVDA,09/10/24,108.07,268283700.0
NVDA,09/09/24,106.44,273912000.0
NVDA,09/06/24,102.8,413638100.0
NVDA,09/05/24,107.18,306850700.0
NVDA,09/04/24,106.18,372470300.0
NVDA,09/03/24,107.97,477155100.0
NVDA,08/30/24,119.34,333751600.0
NVDA,08/29/24,117.56,453023300.0
NVDA,08/28/24,125.58,448101100.0
NVDA,08/27/24,128.27,303134600.0
NVDA,08/26/24,126.43,331964700.0
NVDA,08/23/24,129.34,323230300.0
NVDA,08/22/24,123.71,376189100.0
NVDA,08/21/24,128.47,257883600.0
NVDA,08/20/24,127.22,300087400.0
NVDA,08/19/24,129.97,318333600.0
NVDA,08/16/24,124.55,302589900.0
NVDA,08/15/24,122.83,318086700.0
NVDA,08/14/24,118.05,339246400.0
NVDA,08/13/24,116.11,312646700.0
NVDA,08/12/24,108.99,325559900.0
NVDA,08/09/24,104.72,290844200.0
NVDA,08/08/24,104.94,391910000.0
NVDA,08/07/24,98.89,411440400.0
NVDA,08/06/24,104.22,409012100.0
NVDA,08/05/24,100.43,552842400.0
NVDA,08/02/24,107.24,482027500.0
NVDA,08/01/24,109.18,523462300.0
NVDA,07/31/24,116.99,473174200.0
NVDA,07/30/24,103.7,486833300.0
NVDA,07/29/24,111.56,248152100.0
NVDA,07/26/24,113.03,293399100.0
NVDA,07/25/24,112.25,460067000.0
NVDA,07/24/24,114.22,327776900.0
NVDA,07/23/24,122.56,173911000.0
NVDA,07/22/24,123.51,258068900.0
NVDA,07/19/24,117.9,217223800.0
NVDA,07/18/24,121.06,320979500.0
NVDA,07/17/24,117.96,390086200.0
NVDA,07/16/24,126.33,214769500.0
NVDA,07/15/24,128.41,208326200.0
NVDA,07/12/24,129.21,252680500.0
NVDA,07/11/24,127.37,374782700.0
NVDA,07/10/24,134.88,248978600.0
NVDA,07/09/24,131.35,285366600.0
NVDA,07/08/24,128.17,237677300.0
NVDA,07/05/24,125.8,214176700.0
NVDA,07/03/24,128.25,215749000.0
NVDA,07/02/24,122.64,218374000.0
NVDA,07/01/24,124.27,284885500.0
NVDA,06/28/24,123.51,315516700.0
NVDA,06/27/24,123.96,252571700.0
NVDA,06/26/24,126.37,362975900.0
NVDA,06/25/24,126.06,425787500.0
NVDA,06/24/24,118.08,476060900.0
NVDA,06/21/24,126.54,655484700.0
NVDA,06/20/24,130.75,517768400.0
NVDA,06/18/24,135.55,294335100.0
NVDA,06/17/24,130.95,288504400.0
NVDA,06/14/24,131.85,309320400.0
NVDA,06/13/24,129.58,260704500.0
NVDA,06/12/24,125.17,299595000.0
NVDA,06/11/24,120.88,222551200.0
NVDA,06/10/24,121.75,314162700.0
NVDA,06/07/24,120.85,412386000.0
NVDA,06/06/24,120.96,664696000.0
NVDA,06/05/24,122.4,528402000.0
NVDA,06/04/24,116.4,403324000.0
NVDA,06/03/24,114.96,438392000.0
NVDA,05/31/24,109.6,613263000.0
NVDA,05/30/24,110.46,487350000.0
NVDA,05/29/24,114.79,557442000.0
NVDA,05/28/24,113.86,652728000.0
NVDA,05/24/24,106.43,429494000.0
NVDA,05/23/24,103.76,835065000.0
NVDA,05/22/24,94.92,548648000.0
NVDA,05/21/24,95.35,328946000.0
NVDA,05/20/24,94.75,318764000.0
NVDA,05/17/24,92.45,359691000.0
NVDA,05/16/24,94.33,323952000.0
NVDA,05/15/24,94.6,417735000.0
NVDA,05/14/24,91.33,296507000.0
NVDA,05/13/24,90.37,289680000.0
NVDA,05/10/24,89.85,335325000.0
NVDA,05/09/24,88.72,378013000.0
NVDA,05/08/24,90.38,325721000.0
NVDA,05/07/24,90.52,437342000.0
NVDA,05/06/24,92.11,376203000.0
NVDA,05/03/24,88.76,398341000.0
NVDA,05/02/24,85.79,377898000.0
NVDA,05/01/24,83.01,559863000.0
NVDA,04/30/24,86.37,363709000.0
NVDA,04/29/24,87.73,388971000.0
NVDA,04/26/24,87.71,551011000.0
NVDA,04/25/24,82.6,424641000.0
NVDA,04/24/24,79.65,512208000.0
NVDA,04/23/24,82.4,438559000.0
NVDA,04/22/24,79.49,596341000.0
NVDA,04/19/24,76.17,875198000.0
NVDA,04/18/24,84.64,447260000.0
NVDA,04/17/24,84.01,495400000.0
NVDA,04/16/24,87.39,370453000.0
NVDA,04/15/24,85.97,443077000.0
NVDA,04/12/24,88.16,426805000.0
NVDA,04/11/24,90.59,431637000.0
NVDA,04/10/24,87.01,431929000.0
NVDA,04/09/24,85.33,503547000.0
NVDA,04/08/24,87.1,283220000.0
NVDA,04/05/24,87.98,399678000.0
NVDA,04/04/24,85.88,434965000.0
NVDA,04/03/24,88.93,370067000.0
NVDA,04/02/24,89.42,433064000.0
NVDA,04/01/24,90.33,452441000.0
NVDA,03/28/24,90.33,435212000.0
NVDA,03/27/24,90.22,586067000.0
NVDA,03/26/24,92.53,513648000.0
NVDA,03/25/24,94.97,552136000.0
NVDA,03/22/24,94.26,586719000.0
NVDA,03/21/24,91.4,480372000.0
NVDA,03/20/24,90.34,479063000.0
NVDA,03/19/24,89.37,672171000.0
NVDA,03/18/24,88.43,668976000.0
NVDA,03/15/24,87.81,642086000.0
NVDA,03/14/24,87.92,602318000.0
NVDA,03/13/24,90.86,635713000.0
NVDA,03/12/24,91.88,668075000.0
NVDA,03/11/24,85.75,678364000.0
NVDA,03/08/24,87.5,1142269000.0
NVDA,03/07/24,92.64,608119000.0
NVDA,03/06/24,88.67,582520000.0
NVDA,03/05/24,85.94,520639000.0
NVDA,03/04/24,85.21,615616000.0
NVDA,03/01/24,82.25,479135000.0
NVDA,02/29/24,79.08,507289000.0
NVDA,02/28/24,77.63,393110000.0
NVDA,02/27/24,78.67,391705000.0
NVDA,02/26/24,79.06,503973000.0
NVDA,02/23/24,78.79,829388000.0
NVDA,02/22/24,78.51,865100000.0
NVDA,02/21/24,67.45,690298000.0
NVDA,02/20/24,69.43,704833000.0
NVDA,02/16/24,72.59,495327000.0
NVDA,02/15/24,72.63,420122000.0
NVDA,02/14/24,73.87,504917000.0
NVDA,02/13/24,72.1,602580000.0
NVDA,02/12/24,72.22,613710000.0
NVDA,02/09/24,72.11,436637000.0
NVDA,02/08/24,69.61,414422000.0
NVDA,02/07/24,70.07,495575000.0
NVDA,02/06/24,68.2,683111000.0
NVDA,02/05/24,69.31,680078000.0
NVDA,02/02/24,66.14,476578000.0
NVDA,02/01/24,63.0,369146000.0
NVDA,01/31/24,61.5,453795000.0
NVDA,01/30/24,62.75,410735000.0
NVDA,01/29/24,62.44,348733000.0
NVDA,01/26/24,61.01,390309000.0
NVDA,01/25/24,61.59,482777000.0
NVDA,01/24/24,61.34,560271000.0
NVDA,01/23/24,59.85,294654000.0
NVDA,01/22/24,59.63,452955000.0
NVDA,01/19/24,59.47,543501000.0
NVDA,01/18/24,57.09,491650000.0
NVDA,01/17/24,56.03,474394000.0
NVDA,01/16/24,56.36,449580000.0
NVDA,01/12/24,54.69,352994000.0
NVDA,01/11/24,54.8,596759000.0
NVDA,01/10/24,54.33,533796000.0
NVDA,01/09/24,53.12,773100000.0
NVDA,01/08/24,52.23,642510000.0
NVDA,01/05/24,49.08,415039000.0
NVDA,01/04/24,47.98,306535000.0
NVDA,01/03/24,47.55,320896000.0
NVDA,01/02/24,48.15,411254000.0
NFLX,04/29/25,1125.64,3777300.0
NFLX,04/28/25,1110.38,3831100.0
NFLX,04/25/25,1101.53,3950000.0
NFLX,04/24/25,1096.87,6381900.0
NFLX,04/23/25,1049.59,6471900.0
NFLX,04/22/25,1040.34,9368900.0
NFLX,04/21/25,987.91,9775700.0
NFLX,04/17/25,973.03,8763200.0
NFLX,04/16/25,961.63,6066100.0
NFLX,04/15/25,976.28,7712000.0
NFLX,04/14/25,931.28,4035900.0
NFLX,04/11/25,918.29,4073600.0
NFLX,04/10/25,921.17,5129800.0
NFLX,04/09/25,945.47,7498000.0
NFLX,04/08/25,870.4,5625400.0
NFLX,04/07/25,867.83,6656800.0
NFLX,04/04/25,855.86,6798800.0
NFLX,04/03/25,917.05,5864600.0
NFLX,04/02/25,935.52,3256900.0
NFLX,04/01/25,928.38,3520000.0
NFLX,03/31/25,932.53,4634100.0
NFLX,03/28/25,933.85,4422700.0
NFLX,03/27/25,976.72,3047200.0
NFLX,03/26/25,970.65,3527400.0
NFLX,03/25/25,997.28,3782200.0
NFLX,03/24/25,971.99,4677900.0
NFLX,03/21/25,960.29,5905400.0
NFLX,03/20/25,950.84,4466300.0
NFLX,03/19/25,959.49,6662400.0
NFLX,03/18/25,929.98,6009400.0
NFLX,03/17/25,950.02,7543100.0
NFLX,03/14/25,918.0,5200700.0
NFLX,03/13/25,890.17,5001700.0
NFLX,03/12/25,919.68,6865800.0
NFLX,03/11/25,895.1,7398900.0
NFLX,03/10/25,866.68,6995300.0
NFLX,03/07/25,891.11,7737500.0
NFLX,03/06/25,906.36,7852600.0
NFLX,03/05/25,990.92,3807900.0
NFLX,03/04/25,972.58,4392800.0
NFLX,03/03/25,973.7,3907400.0
NFLX,02/28/25,980.56,4717400.0
NFLX,02/27/25,963.07,3766600.0
NFLX,02/26/25,990.06,3397200.0
NFLX,02/25/25,977.24,4738300.0
NFLX,02/24/25,988.47,4426200.0
NFLX,02/21/25,1003.15,3738700.0
NFLX,02/20/25,1024.54,3111800.0
NFLX,02/19/25,1043.33,2600000.0
NFLX,02/18/25,1035.85,4229300.0
NFLX,02/14/25,1058.6,3145400.0
NFLX,02/13/25,1043.69,3476100.0
NFLX,02/12/25,1027.31,3389000.0
NFLX,02/11/25,1008.08,3331800.0
NFLX,02/10/25,1027.6,3296600.0
NFLX,02/07/25,1013.93,3212900.0
NFLX,02/06/25,1015.68,3134300.0
NFLX,02/05/25,1011.11,3993400.0
NFLX,02/04/25,994.87,6000100.0
NFLX,02/03/25,978.94,3724200.0
NFLX,01/31/25,976.76,3618700.0
NFLX,01/30/25,973.24,3867800.0
NFLX,01/29/25,978.15,2930700.0
NFLX,01/28/25,971.83,3434000.0
NFLX,01/27/25,971.89,4634200.0
NFLX,01/24/25,977.59,4550400.0
NFLX,01/23/25,984.86,7752100.0
NFLX,01/22/25,953.99,14273200.0
NFLX,01/21/25,869.68,9851400.0
NFLX,01/17/25,858.1,3617600.0
NFLX,01/16/25,842.37,4028500.0
NFLX,01/15/25,848.26,3181400.0
NFLX,01/14/25,828.4,3037700.0
NFLX,01/13/25,840.29,3024500.0
NFLX,01/10/25,837.69,4803300.0
NFLX,01/08/25,875.0,2347900.0
NFLX,01/07/25,879.19,2649800.0
NFLX,01/06/25,881.79,3457700.0
NFLX,01/03/25,881.05,2967300.0
NFLX,01/02/25,886.73,2312300.0
NFLX,12/31/24,891.32,1875900.0
NFLX,12/30/24,900.43,2203000.0
NFLX,12/27/24,907.55,3226200.0
NFLX,12/26/24,924.14,2340300.0
NFLX,12/24/24,932.12,2320300.0
NFLX,12/23/24,911.45,2339400.0
NFLX,12/20/24,909.05,4530500.0
NFLX,12/19/24,902.04,2815500.0
NFLX,12/18/24,889.55,2938200.0
NFLX,12/17/24,919.13,2459500.0
NFLX,12/16/24,921.08,2674900.0
NFLX,12/13/24,918.87,2485800.0
NFLX,12/12/24,925.55,2486200.0
NFLX,12/11/24,936.56,3501700.0
NFLX,12/10/24,913.35,2388600.0
NFLX,12/09/24,913.69,3350100.0
NFLX,12/06/24,934.74,2955400.0
NFLX,12/05/24,917.87,2835300.0
NFLX,12/04/24,911.06,2689600.0
NFLX,12/03/24,902.17,2401600.0
NFLX,12/02/24,897.74,2389000.0
NFLX,11/29/24,886.81,2027200.0
NFLX,11/27/24,877.34,2578200.0
NFLX,11/26/24,872.6,3138300.0
NFLX,11/25/24,865.59,6014200.0
NFLX,11/22/24,897.79,3214000.0
NFLX,11/21/24,897.48,4511300.0
NFLX,11/20/24,883.85,4093800.0
NFLX,11/19/24,871.32,3814200.0
NFLX,11/18/24,847.05,4084100.0
NFLX,11/15/24,823.96,3673700.0
NFLX,11/14/24,837.26,3038200.0
NFLX,11/13/24,830.47,2767800.0
NFLX,11/12/24,819.5,2814100.0
NFLX,11/11/24,805.44,2399200.0
NFLX,11/08/24,795.04,1910600.0
NFLX,11/07/24,796.54,3295100.0
NFLX,11/06/24,780.21,3690800.0
NFLX,11/05/24,763.91,2200600.0
NFLX,11/04/24,755.51,1902200.0
NFLX,11/01/24,756.1,2996800.0
NFLX,10/31/24,756.03,3057700.0
NFLX,10/30/24,753.74,1722000.0
NFLX,10/29/24,759.44,3660400.0
NFLX,10/28/24,749.12,2862400.0
NFLX,10/25/24,754.68,2819500.0
NFLX,10/24/24,754.55,2643000.0
NFLX,10/23/24,749.29,3749000.0
NFLX,10/22/24,764.24,2987300.0
NFLX,10/21/24,772.07,6057100.0
NFLX,10/18/24,763.89,15974100.0
NFLX,10/17/24,687.65,8926700.0
NFLX,10/16/24,702.0,2494300.0
NFLX,10/15/24,705.98,2932800.0
NFLX,10/14/24,713.0,2797100.0
NFLX,10/11/24,722.79,2299500.0
NFLX,10/10/24,730.29,2767900.0
NFLX,10/09/24,727.43,1981100.0
NFLX,10/08/24,721.76,3187400.0
NFLX,10/07/24,701.92,3360500.0
NFLX,10/04/24,719.7,2229000.0
NFLX,10/03/24,706.8,2256400.0
NFLX,10/02/24,711.09,1758200.0
NFLX,10/01/24,706.13,2813500.0
NFLX,09/30/24,709.27,1709900.0
NFLX,09/27/24,707.35,2395600.0
NFLX,09/26/24,711.43,2833000.0
NFLX,09/25/24,721.56,2259800.0
NFLX,09/24/24,722.26,3565700.0
NFLX,09/23/24,705.37,3224300.0
NFLX,09/20/24,701.03,3998100.0
NFLX,09/19/24,704.32,4228500.0
NFLX,09/18/24,690.47,2984400.0
NFLX,09/17/24,706.91,2298600.0
NFLX,09/16/24,696.5,1843700.0
NFLX,09/13/24,697.06,2276500.0
NFLX,09/12/24,686.8,2588400.0
NFLX,09/11/24,681.47,2391900.0
NFLX,09/10/24,673.62,2079200.0
NFLX,09/09/24,675.42,2683100.0
NFLX,09/06/24,665.77,2991300.0
NFLX,09/05/24,683.62,1810100.0
NFLX,09/04/24,679.68,1785300.0
NFLX,09/03/24,675.32,3161000.0
NFLX,08/30/24,701.35,3266700.0
NFLX,08/29/24,692.48,2187000.0
NFLX,08/28/24,683.84,2430600.0
NFLX,08/27/24,695.72,3164900.0
NFLX,08/26/24,688.44,1354200.0
NFLX,08/23/24,686.73,2354500.0
NFLX,08/22/24,688.96,2729400.0
NFLX,08/21/24,697.12,2235300.0
NFLX,08/20/24,698.54,4813100.0
NFLX,08/19/24,688.53,3016200.0
NFLX,08/16/24,674.07,3511000.0
NFLX,08/15/24,663.22,3210200.0
NFLX,08/14/24,661.68,4014300.0
NFLX,08/13/24,648.02,2639600.0
NFLX,08/12/24,633.14,2331700.0
NFLX,08/09/24,633.94,1980800.0
NFLX,08/08/24,630.35,3283500.0
NFLX,08/07/24,611.48,3187800.0
NFLX,08/06/24,609.57,4319100.0
NFLX,08/05/24,598.55,4044200.0
NFLX,08/02/24,613.64,3523000.0
NFLX,08/01/24,624.85,3720600.0
NFLX,07/31/24,628.35,3134900.0
NFLX,07/30/24,622.58,3496600.0
NFLX,07/29/24,626.96,2400500.0
NFLX,07/26/24,631.37,3120700.0
NFLX,07/25/24,634.09,4554500.0
NFLX,07/24/24,635.99,4888200.0
NFLX,07/23/24,642.76,2463600.0
NFLX,07/22/24,647.5,5219100.0
NFLX,07/19/24,633.34,9815600.0
NFLX,07/18/24,643.04,7575800.0
NFLX,07/17/24,647.46,4017300.0
NFLX,07/16/24,656.32,2685700.0
NFLX,07/15/24,656.45,3208800.0
NFLX,07/12/24,647.6,3355200.0
NFLX,07/11/24,652.75,5106600.0
NFLX,07/10/24,677.65,2651900.0
NFLX,07/09/24,685.74,2596100.0
NFLX,07/08/24,685.74,1930800.0
NFLX,07/05/24,690.65,2659100.0
NFLX,07/03/24,682.51,1403500.0
NFLX,07/02/24,679.58,2411400.0
NFLX,07/01/24,673.61,2212800.0
NFLX,06/28/24,674.88,3412400.0
NFLX,06/27/24,684.34,2404800.0
NFLX,06/26/24,677.69,3545800.0
NFLX,06/25/24,672.41,2278800.0
NFLX,06/24/24,669.02,3916300.0
NFLX,06/21/24,686.12,4557100.0
NFLX,06/20/24,679.03,2585100.0
NFLX,06/18/24,685.67,2943800.0
NFLX,06/17/24,675.83,3631200.0
NFLX,06/14/24,669.38,4447100.0
NFLX,06/13/24,653.26,1863600.0
NFLX,06/12/24,650.06,2094400.0
NFLX,06/11/24,648.55,2167400.0
NFLX,06/10/24,644.5,2066800.0
NFLX,06/07/24,641.47,1876600.0
NFLX,06/06/24,648.52,2466700.0
NFLX,06/05/24,650.27,2682600.0
NFLX,06/04/24,631.62,3008200.0
NFLX,06/03/24,633.79,2323500.0
NFLX,05/31/24,641.62,4071000.0
NFLX,05/30/24,647.66,2393400.0
NFLX,05/29/24,654.62,3695900.0
NFLX,05/28/24,649.0,2609500.0
NFLX,05/24/24,646.75,2613300.0
NFLX,05/23/24,635.67,2313900.0
NFLX,05/22/24,640.47,2176200.0
NFLX,05/21/24,650.61,2920200.0
NFLX,05/20/24,640.82,3857900.0
NFLX,05/17/24,621.1,3782700.0
NFLX,05/16/24,610.52,3056400.0
NFLX,05/15/24,613.52,5670600.0
NFLX,05/14/24,613.66,2792400.0
NFLX,05/13/24,616.59,2086200.0
NFLX,05/10/24,610.87,2653600.0
NFLX,05/09/24,612.09,2065400.0
NFLX,05/08/24,609.47,3093900.0
NFLX,05/07/24,606.0,3614100.0
NFLX,05/06/24,596.97,3686300.0
NFLX,05/03/24,579.34,3307500.0
NFLX,05/02/24,565.15,3068200.0
NFLX,05/01/24,551.71,3473200.0
NFLX,04/30/24,550.64,3361500.0
NFLX,04/29/24,559.49,2508900.0
NFLX,04/26/24,561.23,4332600.0
NFLX,04/25/24,564.8,3807100.0
NFLX,04/24/24,555.12,5355300.0
NFLX,04/23/24,577.75,4975500.0
NFLX,04/22/24,554.6,8597700.0
NFLX,04/19/24,555.04,16425000.0
NFLX,04/18/24,610.56,8468400.0
NFLX,04/17/24,613.69,3312200.0
NFLX,04/16/24,617.52,3519100.0
NFLX,04/15/24,607.15,3085400.0
NFLX,04/12/24,622.83,2956500.0
NFLX,04/11/24,628.78,2662700.0
NFLX,04/10/24,618.58,2806200.0
NFLX,04/09/24,618.2,2146600.0
NFLX,04/08/24,628.41,2145700.0
NFLX,04/05/24,636.18,3372800.0
NFLX,04/04/24,617.14,3064300.0
NFLX,04/03/24,630.08,2931200.0
NFLX,04/02/24,614.21,2029200.0
NFLX,04/01/24,614.31,2115900.0
NFLX,03/28/24,607.33,3708800.0
NFLX,03/27/24,613.53,2628300.0
NFLX,03/26/24,629.24,2804500.0
NFLX,03/25/24,627.46,1803300.0
NFLX,03/22/24,628.01,2134100.0
NFLX,03/21/24,622.71,2507700.0
NFLX,03/20/24,627.69,2639500.0
NFLX,03/19/24,620.74,2142600.0
NFLX,03/18/24,618.39,3344200.0
NFLX,03/15/24,605.88,6670900.0
NFLX,03/14/24,613.01,3120500.0
NFLX,03/13/24,609.45,2192100.0
NFLX,03/12/24,611.08,2821600.0
NFLX,03/11/24,600.93,2500900.0
NFLX,03/08/24,604.82,2774600.0
NFLX,03/07/24,608.51,2742800.0
NFLX,03/06/24,597.69,2469600.0
NFLX,03/05/24,598.5,3849600.0
NFLX,03/04/24,615.83,3020300.0
NFLX,03/01/24,619.34,4264200.0
NFLX,02/29/24,602.92,3572100.0
NFLX,02/28/24,596.48,2605200.0
NFLX,02/27/24,601.67,4489400.0
NFLX,02/26/24,587.65,2393700.0
NFLX,02/23/24,583.56,2568900.0
NFLX,02/22/24,588.47,3526600.0
NFLX,02/21/24,573.35,2281100.0
NFLX,02/20/24,575.13,3124200.0
NFLX,02/16/24,583.95,4323600.0
NFLX,02/15/24,593.46,5220900.0
NFLX,02/14/24,579.33,5634200.0
NFLX,02/13/24,554.52,3511500.0
NFLX,02/12/24,557.85,3608500.0
NFLX,02/09/24,561.32,3055700.0
NFLX,02/08/24,558.53,3175500.0
NFLX,02/07/24,559.3,4373600.0
NFLX,02/06/24,555.88,2840300.0
NFLX,02/05/24,562.06,4143100.0
NFLX,02/02/24,564.64,4030800.0
NFLX,02/01/24,567.51,3174000.0
NFLX,01/31/24,564.11,4857600.0
NFLX,01/30/24,562.85,6181800.0
NFLX,01/29/24,575.79,6905400.0
NFLX,01/26/24,570.42,12770600.0
NFLX,01/25/24,562.0,9451900.0
NFLX,01/24/24,544.87,26432800.0
NFLX,01/23/24,492.19,15506000.0
NFLX,01/22/24,485.71,5212300.0
NFLX,01/19/24,482.95,5665600.0
NFLX,01/18/24,485.31,4054400.0
NFLX,01/17/24,480.33,4894600.0
NFLX,01/16/24,481.24,4679000.0
NFLX,01/12/24,492.16,4996600.0
NFLX,01/11/24,492.23,7993300.0
NFLX,01/10/24,478.33,4342400.0
NFLX,01/09/24,482.09,3526800.0
NFLX,01/08/24,485.03,3675800.0
NFLX,01/05/24,474.06,2612500.0
NFLX,01/04/24,474.67,3636500.0
NFLX,01/03/24,470.26,3443700.0
NFLX,01/02/24,468.5,5049400.0
JPM,04/29/25,244.62,7216800.0
JPM,04/28/25,243.22,7394300.0
JPM,04/25/25,243.55,8588600.0
JPM,04/24/25,244.64,9055200.0
JPM,04/23/25,240.88,14126800.0
JPM,04/22/25,235.59,10701400.0
JPM,04/21/25,228.99,8716200.0
JPM,04/17/25,231.96,9553800.0
JPM,04/16/25,229.61,9322300.0
JPM,04/15/25,233.13,10912900.0
JPM,04/14/25,234.72,13017800.0
JPM,04/11/25,236.2,20284500.0
JPM,04/10/25,227.11,18896400.0
JPM,04/09/25,234.34,24022400.0
JPM,04/08/25,216.87,19485700.0
JPM,04/07/25,214.44,22914400.0
JPM,04/04/25,210.28,27170700.0
JPM,04/03/25,227.29,17188500.0
JPM,04/02/25,244.32,7758800.0
JPM,04/01/25,242.17,8054700.0
JPM,03/31/25,243.8,13603000.0
JPM,03/28/25,241.36,11978400.0
JPM,03/27/25,246.6,8022500.0
JPM,03/26/25,249.49,12779300.0
JPM,03/25/25,249.59,9287700.0
JPM,03/24/25,246.54,9422700.0
JPM,03/21/25,240.15,19326900.0
JPM,03/20/25,237.55,8328500.0
JPM,03/19/25,237.65,10120600.0
JPM,03/18/25,233.53,10344900.0
JPM,03/17/25,232.5,9586000.0
JPM,03/14/25,231.02,11962100.0
JPM,03/13/25,223.81,16467900.0
JPM,03/12/25,226.5,16054000.0
JPM,03/11/25,227.74,18143000.0
JPM,03/10/25,230.8,18887200.0
JPM,03/07/25,240.8,20498700.0
JPM,03/06/25,245.03,9983200.0
JPM,03/05/25,249.99,7861400.0
JPM,03/04/25,248.72,13465600.0
JPM,03/03/25,259.02,9058300.0
JPM,02/28/25,263.03,10467100.0
JPM,02/27/25,257.46,8204400.0
JPM,02/26/25,257.21,5943600.0
JPM,02/25/25,255.82,9608400.0
JPM,02/24/25,259.74,10372800.0
JPM,02/21/25,262.62,12835600.0
JPM,02/20/25,265.17,13846700.0
JPM,02/19/25,277.54,7007200.0
JPM,02/18/25,278.24,7919800.0
JPM,02/14/25,274.9,5688600.0
JPM,02/13/25,274.63,8398700.0
JPM,02/12/25,273.76,6683900.0
JPM,02/11/25,273.31,7196400.0
JPM,02/10/25,269.38,8627400.0
JPM,02/07/25,274.11,6857900.0
JPM,02/06/25,275.2,7264400.0
JPM,02/05/25,268.77,5704400.0
JPM,02/04/25,266.3,5626000.0
JPM,02/03/25,265.18,8381400.0
JPM,01/31/25,265.66,7196300.0
JPM,01/30/25,266.59,8753500.0
JPM,01/29/25,264.95,7684900.0
JPM,01/28/25,265.5,7375400.0
JPM,01/27/25,264.22,7522300.0
JPM,01/24/25,263.22,7666300.0
JPM,01/23/25,264.32,10749700.0
JPM,01/22/25,261.23,9021900.0
JPM,01/21/25,261.42,13712100.0
JPM,01/17/25,257.57,17678100.0
JPM,01/16/25,252.71,15292300.0
JPM,01/15/25,250.81,18448500.0
JPM,01/14/25,245.96,12407400.0
JPM,01/13/25,242.71,10005300.0
JPM,01/10/25,238.4,10256800.0
JPM,01/08/25,241.64,8675300.0
JPM,01/07/25,241.68,8753400.0
JPM,01/06/25,239.38,9917800.0
JPM,01/03/25,240.55,9491100.0
JPM,01/02/25,237.31,9220900.0
JPM,12/31/24,237.02,4871000.0
JPM,12/30/24,236.63,5723800.0
JPM,12/27/24,238.46,5730200.0
JPM,12/26/24,240.41,4451800.0
JPM,12/24/24,239.59,3729100.0
JPM,12/23/24,235.71,8611500.0
JPM,12/20/24,234.93,32348400.0
JPM,12/19/24,230.34,11790800.0
JPM,12/18/24,227.78,11322400.0
JPM,12/17/24,235.68,8083600.0
JPM,12/16/24,236.89,9032000.0
JPM,12/13/24,237.25,10392700.0
JPM,12/12/24,238.82,6113800.0
JPM,12/11/24,240.8,7884400.0
JPM,12/10/24,240.13,9108300.0
JPM,12/09/24,241.07,7076500.0
JPM,12/06/24,244.58,5519700.0
JPM,12/05/24,242.72,6572500.0
JPM,12/04/24,240.67,7346300.0
JPM,12/03/24,242.07,6657700.0
JPM,12/02/24,243.49,8899700.0
JPM,11/29/24,246.92,5494800.0
JPM,11/27/24,246.99,5472300.0
JPM,11/26/24,247.16,6212100.0
JPM,11/25/24,247.48,10295400.0
JPM,11/22/24,245.76,7997300.0
JPM,11/21/24,242.01,8783500.0
JPM,11/20/24,238.08,9015300.0
JPM,11/19/24,240.36,6792700.0
JPM,11/18/24,242.28,9052600.0
JPM,11/15/24,242.56,11518800.0
JPM,11/14/24,239.15,10172200.0
JPM,11/13/24,238.45,11472600.0
JPM,11/12/24,236.87,6861000.0
JPM,11/11/24,236.6,9017100.0
JPM,11/08/24,234.32,9502100.0
JPM,11/07/24,233.73,16451100.0
JPM,11/06/24,244.29,23987800.0
JPM,11/05/24,219.0,5600700.0
JPM,11/04/24,217.31,8229600.0
JPM,11/01/24,220.44,6923500.0
JPM,10/31/24,219.43,7829900.0
JPM,10/30/24,221.89,7110900.0
JPM,10/29/24,220.4,6580000.0
JPM,10/28/24,222.97,6843000.0
JPM,10/25/24,219.81,6369700.0
JPM,10/24/24,222.45,6002200.0
JPM,10/23/24,220.9,6180500.0
JPM,10/22/24,221.6,9586800.0
JPM,10/21/24,220.5,5870000.0
JPM,10/18/24,222.84,7000500.0
JPM,10/17/24,221.9,6470200.0
JPM,10/16/24,221.13,6382500.0
JPM,10/15/24,219.89,9235800.0
JPM,10/14/24,218.99,9048900.0
JPM,10/11/24,219.79,18320700.0
JPM,10/10/24,210.45,7927100.0
JPM,10/09/24,211.02,7024000.0
JPM,10/08/24,208.38,6021800.0
JPM,10/07/24,208.56,6718900.0
JPM,10/04/24,208.85,10211700.0
JPM,10/03/24,201.69,7251300.0
JPM,10/02/24,203.71,5810900.0
JPM,10/01/24,203.47,8540100.0
JPM,09/30/24,207.22,8663800.0
JPM,09/27/24,206.87,7032500.0
JPM,09/26/24,206.16,7807500.0
JPM,09/25/24,206.56,8976500.0
JPM,09/24/24,207.94,7323200.0
JPM,09/23/24,207.79,7223500.0
JPM,09/20/24,207.45,20885000.0
JPM,09/19/24,206.85,11635200.0
JPM,09/18/24,203.95,8259900.0
JPM,09/17/24,205.64,7573300.0
JPM,09/16/24,204.27,8634900.0
JPM,09/13/24,200.8,10226700.0
JPM,09/12/24,203.04,9055800.0
JPM,09/11/24,203.66,13658700.0
JPM,09/10/24,202.01,28406900.0
JPM,09/09/24,213.07,8935100.0
JPM,09/06/24,208.79,7777000.0
JPM,09/05/24,213.88,8067900.0
JPM,09/04/24,215.55,7389500.0
JPM,09/03/24,216.5,8956100.0
JPM,08/30/24,220.92,8574100.0
JPM,08/29/24,218.38,6416100.0
JPM,08/28/24,217.47,6506400.0
JPM,08/27/24,216.38,5185200.0
JPM,08/26/24,215.39,5105200.0
JPM,08/23/24,214.54,7214000.0
JPM,08/22/24,212.89,5247100.0
JPM,08/21/24,210.9,5202300.0
JPM,08/20/24,210.82,5640000.0
JPM,08/19/24,211.73,6090800.0
JPM,08/16/24,210.28,7931200.0
JPM,08/15/24,207.9,7001000.0
JPM,08/14/24,206.61,6999800.0
JPM,08/13/24,204.35,6387800.0
JPM,08/12/24,202.63,6936000.0
JPM,08/09/24,202.25,5540200.0
JPM,08/08/24,200.54,7761200.0
JPM,08/07/24,196.94,9204400.0
JPM,08/06/24,196.88,10605800.0
JPM,08/05/24,191.54,13927000.0
JPM,08/02/24,195.7,18041700.0
JPM,08/01/24,204.37,10918600.0
JPM,07/31/24,209.13,9071600.0
JPM,07/30/24,211.48,8850700.0
JPM,07/29/24,207.21,6533600.0
JPM,07/26/24,208.58,8027800.0
JPM,07/25/24,205.07,6403800.0
JPM,07/24/24,204.99,7119000.0
JPM,07/23/24,206.7,5557300.0
JPM,07/22/24,206.65,7663200.0
JPM,07/19/24,206.16,8095900.0
JPM,07/18/24,206.36,12415100.0
JPM,07/17/24,213.13,11572500.0
JPM,07/16/24,209.93,11557000.0
JPM,07/15/24,206.43,10719700.0
JPM,07/12/24,201.4,15443400.0
JPM,07/11/24,203.87,10658100.0
JPM,07/10/24,204.22,8328500.0
JPM,07/09/24,204.05,9058900.0
JPM,07/08/24,201.63,8707000.0
JPM,07/05/24,201.26,8093100.0
JPM,07/03/24,203.96,5560900.0
JPM,07/02/24,204.1,7802900.0
JPM,07/01/24,200.79,10205800.0
JPM,06/28/24,197.68,15307600.0
JPM,06/27/24,194.66,7913500.0
JPM,06/26/24,192.95,7758600.0
JPM,06/25/24,193.58,6915900.0
JPM,06/24/24,194.37,9785900.0
JPM,06/21/24,191.85,20972500.0
JPM,06/20/24,194.17,8731100.0
JPM,06/18/24,192.53,9023000.0
JPM,06/17/24,190.56,8725400.0
JPM,06/14/24,189.39,6874000.0
JPM,06/13/24,189.27,8587800.0
JPM,06/12/24,187.19,12751300.0
JPM,06/11/24,189.95,9235300.0
JPM,06/10/24,195.09,6071200.0
JPM,06/07/24,195.42,6964500.0
JPM,06/06/24,192.45,7640300.0
JPM,06/05/24,192.79,8351600.0
JPM,06/04/24,194.65,6848300.0
JPM,06/03/24,197.25,6444300.0
JPM,05/31/24,198.04,14417900.0
JPM,05/30/24,194.81,6829700.0
JPM,05/29/24,193.62,6120000.0
JPM,05/28/24,194.98,6910200.0
JPM,05/24/24,196.16,7355400.0
JPM,05/23/24,192.46,8069400.0
JPM,05/22/24,193.82,9425300.0
JPM,05/21/24,195.0,14420800.0
JPM,05/20/24,191.15,17373300.0
JPM,05/17/24,200.15,9260500.0
JPM,05/16/24,197.88,8497900.0
JPM,05/15/24,197.53,8370000.0
JPM,05/14/24,196.94,8596200.0
JPM,05/13/24,194.23,7049200.0
JPM,05/10/24,194.26,7529800.0
JPM,05/09/24,193.02,7977300.0
JPM,05/08/24,191.22,9227600.0
JPM,05/07/24,187.4,7688800.0
JPM,05/06/24,187.65,7911100.0
JPM,05/03/24,186.19,8922800.0
JPM,05/02/24,187.32,6501700.0
JPM,05/01/24,187.51,7445300.0
JPM,04/30/24,187.39,8153700.0
JPM,04/29/24,188.9,5387800.0
JPM,04/26/24,189.1,6413700.0
JPM,04/25/24,188.99,9802300.0
JPM,04/24/24,188.7,6964900.0
JPM,04/23/24,187.78,9144400.0
JPM,04/22/24,185.12,11529700.0
JPM,04/19/24,181.59,13380200.0
JPM,04/18/24,177.14,9557700.0
JPM,04/17/24,176.0,9017100.0
JPM,04/16/24,176.7,16451800.0
JPM,04/15/24,178.74,14766600.0
JPM,04/12/24,178.65,31506200.0
JPM,04/11/24,191.0,10137700.0
JPM,04/10/24,191.04,7681400.0
JPM,04/09/24,192.68,7358600.0
JPM,04/08/24,193.98,8001000.0
JPM,04/05/24,192.97,6531000.0
JPM,04/04/24,191.22,9243800.0
JPM,04/03/24,192.68,9353400.0
JPM,04/02/24,193.23,7014700.0
JPM,04/01/24,193.3,7309000.0
JPM,03/28/24,194.62,8628300.0
JPM,03/27/24,193.87,8725800.0
JPM,03/26/24,190.18,5961500.0
JPM,03/25/24,189.3,8620000.0
JPM,03/22/24,191.05,8105800.0
JPM,03/21/24,193.42,11203800.0
JPM,03/20/24,190.77,9367000.0
JPM,03/19/24,188.3,8478700.0
JPM,03/18/24,187.2,9013800.0
JPM,03/15/24,184.91,17208100.0
JPM,03/14/24,182.64,10310900.0
JPM,03/13/24,185.96,7795500.0
JPM,03/12/24,184.46,5708400.0
JPM,03/11/24,182.95,5762600.0
JPM,03/08/24,182.89,6166800.0
JPM,03/07/24,182.55,7618300.0
JPM,03/06/24,184.16,7572900.0
JPM,03/05/24,183.21,6617800.0
JPM,03/04/24,181.39,7063600.0
JPM,03/01/24,180.04,6311800.0
JPM,02/29/24,180.79,9643000.0
JPM,02/28/24,179.16,6131600.0
JPM,02/27/24,178.25,5717100.0
JPM,02/26/24,178.16,7145400.0
JPM,02/23/24,178.78,7105800.0
JPM,02/22/24,177.88,9296500.0
JPM,02/21/24,175.77,7027900.0
JPM,02/20/24,174.64,9668000.0
JPM,02/16/24,173.96,8148100.0
JPM,02/15/24,174.77,8723400.0
JPM,02/14/24,171.04,7056700.0
JPM,02/13/24,169.32,8397600.0
JPM,02/12/24,170.81,8539300.0
JPM,02/09/24,170.05,6296700.0
JPM,02/08/24,169.85,6060300.0
JPM,02/07/24,170.46,7225500.0
JPM,02/06/24,170.14,6764800.0
JPM,02/05/24,169.56,7820200.0
JPM,02/02/24,169.78,8607600.0
JPM,02/01/24,168.81,9354800.0
JPM,01/31/24,169.42,11521800.0
JPM,01/30/24,171.28,10822100.0
JPM,01/29/24,167.84,6971200.0
JPM,01/26/24,167.4,7443000.0
JPM,01/25/24,168.04,8873500.0
JPM,01/24/24,165.67,9967100.0
JPM,01/23/24,164.2,8360800.0
JPM,01/22/24,165.29,12837500.0
JPM,01/19/24,165.48,13114400.0
JPM,01/18/24,162.68,9382300.0
JPM,01/17/24,162.36,11107500.0
JPM,01/16/24,163.23,17206400.0
JPM,01/12/24,164.26,19429200.0
JPM,01/11/24,165.47,11919500.0
JPM,01/10/24,166.17,9670200.0
JPM,01/09/24,165.82,9923600.0
JPM,01/08/24,167.15,11229900.0
JPM,01/05/24,167.39,10064200.0
JPM,01/04/24,166.55,11972500.0
JPM,01/03/24,165.46,9852300.0
JPM,01/02/24,166.18,9977400.0
KO,04/29/25,72.35,16244100.0
KO,04/28/25,71.79,15997500.0
KO,04/25/25,71.91,16316000.0
KO,04/24/25,72.52,16893900.0
KO,04/23/25,73.3,16353900.0
KO,04/22/25,73.9,15613500.0
KO,04/21/25,72.77,16037200.0
KO,04/17/25,73.0,20746800.0
KO,04/16/25,71.68,15276200.0
KO,04/15/25,71.86,14965500.0
KO,04/14/25,72.45,13930200.0
KO,04/11/25,71.43,19988200.0
KO,04/10/25,70.76,22450200.0
KO,04/09/25,69.95,27918700.0
KO,04/08/25,68.42,22774400.0
KO,04/07/25,68.37,34258400.0
KO,04/04/25,69.93,26517300.0
KO,04/03/25,73.18,24959600.0
KO,04/02/25,71.33,14606500.0
KO,04/01/25,71.87,15309100.0
KO,03/31/25,71.62,24016900.0
KO,03/28/25,70.37,17412900.0
KO,03/27/25,70.74,11663400.0
KO,03/26/25,70.02,14478200.0
KO,03/25/25,68.81,12513900.0
KO,03/24/25,68.95,12575400.0
KO,03/21/25,68.67,47479500.0
KO,03/20/25,69.71,16295300.0
KO,03/19/25,69.28,14780000.0
KO,03/18/25,69.38,12657600.0
KO,03/17/25,70.12,15634800.0
KO,03/14/25,69.16,14205100.0
KO,03/13/25,69.11,15746600.0
KO,03/12/25,69.43,18923300.0
KO,03/11/25,70.52,28076400.0
KO,03/10/25,70.93,25251200.0
KO,03/07/25,70.91,28393300.0
KO,03/06/25,69.94,21694000.0
KO,03/05/25,69.57,23933600.0
KO,03/04/25,69.68,25411900.0
KO,03/03/25,71.79,21717600.0
KO,02/28/25,70.69,22167400.0
KO,02/27/25,70.35,16789500.0
KO,02/26/25,70.28,14531200.0
KO,02/25/25,70.97,21555600.0
KO,02/24/25,70.07,21418400.0
KO,02/21/25,70.83,21662300.0
KO,02/20/25,69.53,13398000.0
KO,02/19/25,69.56,16032300.0
KO,02/18/25,68.54,15569100.0
KO,02/14/25,68.37,20779100.0
KO,02/13/25,68.99,24393100.0
KO,02/12/25,68.21,26033800.0
KO,02/11/25,67.1,30589100.0
KO,02/10/25,64.08,16154300.0
KO,02/07/25,63.37,13184700.0
KO,02/06/25,62.9,13423400.0
KO,02/05/25,62.66,10686800.0
KO,02/04/25,62.21,15678000.0
KO,02/03/25,62.89,12067900.0
KO,01/31/25,63.01,12102100.0
KO,01/30/25,63.58,13201000.0
KO,01/29/25,62.37,11325600.0
KO,01/28/25,61.9,14956000.0
KO,01/27/25,63.4,20742900.0
KO,01/24/25,61.47,19244600.0
KO,01/23/25,61.08,16528400.0
KO,01/22/25,61.33,18191900.0
KO,01/21/25,61.96,19817100.0
KO,01/17/25,62.25,17948900.0
KO,01/16/25,61.79,12585500.0
KO,01/15/25,61.32,16187200.0
KO,01/14/25,61.59,16658300.0
KO,01/13/25,61.2,18016200.0
KO,01/10/25,60.62,22425000.0
KO,01/08/25,61.26,14412400.0
KO,01/07/25,60.39,17799600.0
KO,01/06/25,60.36,17924200.0
KO,01/03/25,61.3,10403200.0
KO,01/02/25,61.39,12991000.0
KO,12/31/24,61.8,9256700.0
KO,12/30/24,61.58,8972200.0
KO,12/27/24,61.99,8542800.0
KO,12/26/24,62.11,7943800.0
KO,12/24/24,62.38,5019100.0
KO,12/23/24,61.92,13010800.0
KO,12/20/24,62.09,42458100.0
KO,12/19/24,61.99,21300600.0
KO,12/18/24,62.39,20946100.0
KO,12/17/24,62.94,21902400.0
KO,12/16/24,62.09,24559700.0
KO,12/13/24,62.66,13429000.0
KO,12/12/24,63.37,17542100.0
KO,12/11/24,62.18,32819000.0
KO,12/10/24,62.45,14949400.0
KO,12/09/24,62.14,22348300.0
KO,12/06/24,62.07,15581100.0
KO,12/05/24,62.46,21040400.0
KO,12/04/24,61.75,28137700.0
KO,12/03/24,63.05,24874500.0
KO,12/02/24,63.18,16500100.0
KO,11/29/24,63.61,10648400.0
KO,11/27/24,63.48,13263400.0
KO,11/26/24,63.59,14473300.0
KO,11/25/24,63.43,36805300.0
KO,11/22/24,62.97,19562200.0
KO,11/21/24,62.82,17292300.0
KO,11/20/24,62.06,18904900.0
KO,11/19/24,61.66,16254800.0
KO,11/18/24,60.94,16079400.0
KO,11/15/24,60.83,26284300.0
KO,11/14/24,61.62,15910800.0
KO,11/13/24,62.07,13177600.0
KO,11/12/24,62.26,15021000.0
KO,11/11/24,62.42,13980900.0
KO,11/08/24,62.97,14719300.0
KO,11/07/24,62.72,14856100.0
KO,11/06/24,62.76,22899300.0
KO,11/05/24,64.4,8780200.0
KO,11/04/24,64.15,10984500.0
KO,11/01/24,64.05,12163100.0
KO,10/31/24,64.34,13383700.0
KO,10/30/24,64.94,14177800.0
KO,10/29/24,64.59,16525900.0
KO,10/28/24,65.68,10761400.0
KO,10/25/24,65.93,11138100.0
KO,10/24/24,66.3,17568800.0
KO,10/23/24,67.0,24655200.0
KO,10/22/24,68.42,18603300.0
KO,10/21/24,68.42,11981200.0
KO,10/18/24,69.4,15087500.0
KO,10/17/24,68.87,14674600.0
KO,10/16/24,69.53,7937300.0
KO,10/15/24,69.3,10358700.0
KO,10/14/24,69.3,7659300.0
KO,10/11/24,68.54,8786300.0
KO,10/10/24,68.23,8635200.0
KO,10/09/24,68.54,9037700.0
KO,10/08/24,68.16,13549700.0
KO,10/07/24,67.99,14512000.0
KO,10/04/24,69.13,12684800.0
KO,10/03/24,69.48,9374800.0
KO,10/02/24,69.96,11155500.0
KO,10/01/24,70.65,13294500.0
KO,09/30/24,70.8,18015300.0
KO,09/27/24,70.73,11175700.0
KO,09/26/24,70.34,10815200.0
KO,09/25/24,70.39,12329100.0
KO,09/24/24,70.27,13330600.0
KO,09/23/24,70.67,11613000.0
KO,09/20/24,70.58,48578500.0
KO,09/19/24,69.57,13635600.0
KO,09/18/24,70.69,10719700.0
KO,09/17/24,70.74,12974400.0
KO,09/16/24,71.03,10786500.0
KO,09/13/24,70.35,11073800.0
KO,09/12/24,69.7,12340800.0
KO,09/11/24,69.55,11418200.0
KO,09/10/24,70.01,10277600.0
KO,09/09/24,70.3,12939300.0
KO,09/06/24,69.61,17485700.0
KO,09/05/24,69.64,23866100.0
KO,09/04/24,71.0,18140800.0
KO,09/03/24,71.44,14755800.0
KO,08/30/24,70.91,18624200.0
KO,08/29/24,70.5,17201700.0
KO,08/28/24,70.21,13272600.0
KO,08/27/24,69.96,16988400.0
KO,08/26/24,69.32,12912200.0
KO,08/23/24,68.29,11834700.0
KO,08/22/24,67.84,12509200.0
KO,08/21/24,68.07,8792400.0
KO,08/20/24,67.89,11957400.0
KO,08/19/24,67.5,9843900.0
KO,08/16/24,67.69,12651200.0
KO,08/15/24,67.17,11285100.0
KO,08/14/24,67.11,14328000.0
KO,08/13/24,66.99,9877600.0
KO,08/12/24,66.7,11012300.0
KO,08/09/24,67.2,12080400.0
KO,08/08/24,67.25,15240900.0
KO,08/07/24,66.99,13365300.0
KO,08/06/24,66.59,12969100.0
KO,08/05/24,66.64,25484300.0
KO,08/02/24,67.84,22514800.0
KO,08/01/24,66.5,16495900.0
KO,07/31/24,65.3,15576800.0
KO,07/30/24,66.22,13258000.0
KO,07/29/24,65.39,12140200.0
KO,07/26/24,65.61,13530100.0
KO,07/25/24,64.65,16328600.0
KO,07/24/24,64.39,13244600.0
KO,07/23/24,63.56,11810300.0
KO,07/22/24,63.38,11794200.0
KO,07/19/24,63.89,13775700.0
KO,07/18/24,63.79,11128200.0
KO,07/17/24,63.81,12508200.0
KO,07/16/24,62.89,9025100.0
KO,07/15/24,62.05,8207500.0
KO,07/12/24,62.33,9201500.0
KO,07/11/24,61.74,11431600.0
KO,07/10/24,61.48,11930400.0
KO,07/09/24,61.34,11657500.0
KO,07/08/24,61.61,11235100.0
KO,07/05/24,62.39,11735500.0
KO,07/03/24,61.97,9154200.0
KO,07/02/24,61.79,8878200.0
KO,07/01/24,61.92,10033400.0
KO,06/28/24,62.28,17358800.0
KO,06/27/24,62.54,8494100.0
KO,06/26/24,62.67,9402500.0
KO,06/25/24,62.47,10546800.0
KO,06/24/24,62.59,13212500.0
KO,06/21/24,61.42,28282200.0
KO,06/20/24,60.84,13306300.0
KO,06/18/24,61.28,10651700.0
KO,06/17/24,61.27,10532700.0
KO,06/14/24,61.2,8179200.0
KO,06/13/24,61.16,9668900.0
KO,06/12/24,61.05,9569600.0
KO,06/11/24,61.7,8396000.0
KO,06/10/24,61.74,15687100.0
KO,06/07/24,62.05,9523100.0
KO,06/06/24,62.29,8658500.0
KO,06/05/24,62.06,9632500.0
KO,06/04/24,62.08,11895600.0
KO,06/03/24,61.1,9369000.0
KO,05/31/24,61.1,19816600.0
KO,05/30/24,60.17,9436800.0
KO,05/29/24,59.91,11861800.0
KO,05/28/24,60.02,12347000.0
KO,05/24/24,60.2,8200700.0
KO,05/23/24,60.29,9834300.0
KO,05/22/24,61.17,7419400.0
KO,05/21/24,61.08,9796200.0
KO,05/20/24,60.75,11000900.0
KO,05/17/24,61.2,11539000.0
KO,05/16/24,61.48,10228000.0
KO,05/15/24,61.3,9838900.0
KO,05/14/24,61.27,10852200.0
KO,05/13/24,61.73,10137600.0
KO,05/10/24,61.42,8371700.0
KO,05/09/24,61.05,9113700.0
KO,05/08/24,61.02,10484400.0
KO,05/07/24,60.8,9807000.0
KO,05/06/24,60.54,9310700.0
KO,05/03/24,60.36,11628700.0
KO,05/02/24,60.19,10991300.0
KO,05/01/24,60.13,16729800.0
KO,04/30/24,59.98,19349200.0
KO,04/29/24,60.24,13409300.0
KO,04/26/24,59.95,10994300.0
KO,04/25/24,59.95,19048500.0
KO,04/24/24,59.76,19548300.0
KO,04/23/24,58.88,13689100.0
KO,04/22/24,58.79,15624500.0
KO,04/19/24,58.42,21206200.0
KO,04/18/24,57.2,11125900.0
KO,04/17/24,56.81,13805100.0
KO,04/16/24,56.37,11236800.0
KO,04/15/24,56.45,12425000.0
KO,04/12/24,56.59,12246700.0
KO,04/11/24,57.34,11109000.0
KO,04/10/24,57.21,11861900.0
KO,04/09/24,57.99,10792100.0
KO,04/08/24,57.55,10284500.0
KO,04/05/24,57.78,10156200.0
KO,04/04/24,57.58,14320700.0
KO,04/03/24,58.09,13672900.0
KO,04/02/24,58.4,13017300.0
KO,04/01/24,58.92,11668700.0
KO,03/28/24,59.4,13683500.0
KO,03/27/24,59.26,12551200.0
KO,03/26/24,58.78,13277400.0
KO,03/25/24,58.65,13144700.0
KO,03/22/24,58.73,11501400.0
KO,03/21/24,58.71,13067100.0
KO,03/20/24,58.99,15258800.0
KO,03/19/24,58.48,15030600.0
KO,03/18/24,58.38,15856700.0
KO,03/15/24,58.14,36848900.0
KO,03/14/24,58.74,13996600.0
KO,03/13/24,58.87,13909500.0
KO,03/12/24,58.28,12684600.0
KO,03/11/24,58.03,14114300.0
KO,03/08/24,57.33,13237500.0
KO,03/07/24,57.26,13686900.0
KO,03/06/24,57.36,12378800.0
KO,03/05/24,57.33,12310000.0
KO,03/04/24,57.61,10150200.0
KO,03/01/24,57.34,10924800.0
KO,02/29/24,57.81,18152700.0
KO,02/28/24,58.18,8076500.0
KO,02/27/24,58.12,9931100.0
KO,02/26/24,58.48,10336100.0
KO,02/23/24,58.95,13612900.0
KO,02/22/24,58.9,12982800.0
KO,02/21/24,58.99,14378300.0
KO,02/20/24,58.47,18339300.0
KO,02/16/24,57.21,13943300.0
KO,02/15/24,57.22,13695800.0
KO,02/14/24,57.11,15872500.0
KO,02/13/24,57.17,24195700.0
KO,02/12/24,57.51,13516800.0
KO,02/09/24,57.37,15235300.0
KO,02/08/24,57.63,12874800.0
KO,02/07/24,57.79,10259900.0
KO,02/06/24,57.74,12775200.0
KO,02/05/24,57.83,12759600.0
KO,02/02/24,58.32,17543500.0
KO,02/01/24,58.74,15870900.0
KO,01/31/24,57.3,22837000.0
KO,01/30/24,57.7,22061500.0
KO,01/29/24,57.54,14547100.0
KO,01/26/24,57.19,13025100.0
KO,01/25/24,56.99,14899700.0
KO,01/24/24,56.75,16370500.0
KO,01/23/24,57.65,14481600.0
KO,01/22/24,57.38,14314300.0
KO,01/19/24,57.63,14193100.0
KO,01/18/24,57.95,10397700.0
KO,01/17/24,57.79,8982100.0
KO,01/16/24,57.79,11826900.0
KO,01/12/24,58.17,13216900.0
KO,01/11/24,57.61,13754200.0
KO,01/10/24,57.99,12258000.0
KO,01/09/24,57.8,10493700.0
KO,01/08/24,57.9,11554600.0
KO,01/05/24,57.48,10411400.0
KO,01/04/24,57.56,12912900.0
KO,01/03/24,57.76,14830600.0
KO,01/02/24,57.62,16322600.0
